Title,Artist,"Artist (Last, First)",Series,Volume,Online Videos,Labels,Catalog Number,Country,Release Year,Original Release Year,Tracks,Versions,Genres,Styles,Composers,Orchestras,Conductors,Performers,Writers,Production Companies,Producers,Description,Edition,Media,Format,Content Type,Length,Vinyl Size,Vinyl Speed,List Price,Language,Packaging,Number Of Volumes,UPC-EAN13,Favorites,Rating,Physical Location,Loaned To,Date Loaned,Borrowed From,Date Borrowed,Returned from Borrow,Not Owned Reason,Quantity,Cover Condition,Condition,Recommended By,Date Added,User Supplied ID,User Supplied Descriptor,Tags,Purchase Date,Purchase Place,Purchase Price,Notes,discogs Release ID,Category,Wish List,Previously Owned,Uploaded Image URL,Activities
阿刁,赵雷,赵雷,,,,,,,,,,,,,,,,,,,,,,,,,,,,,,,,,0,0.000000,,,,,,0,,,,,,2020/02/22 14:21:57.177102088,,,,,,,,,,0,,,
阿lam日记,林子祥,林子祥,,,,,,,,,,,,,,,,,,,,,,,,,,,,,,,,,0,0.000000,,,,,,0,,,,,,2020/02/25 05:00:46.113394021,,,,,,,,,,0,,,
爱的代价,张艾嘉,张艾嘉,,,,,,,1992,,,,,,李宗盛,,,,,,,,,,,,,,,,,,,,0,0.000000,,,,,,0,,,,,,2020/02/21 11:53:05.686675071,,,,,,,,,爱情,0,0,,
爱如潮水,张信哲,张信哲,,,,,,,,,,,,,,,,,,,,,,,,,,,,,,,,,0,0.000000,,,,,,0,,,,,,2020/02/22 15:09:20.284808158,,,,,,,,,爱情,0,0,,
爱上张无忌,毛阿敏,毛阿敏,,,,,,,,,,,,,,,,,,,,,,,,,,,,,,,,,0,0.000000,,,,,,0,,,,,,2020/02/25 05:13:25.117323875,,,,,,,,,爱情,0,0,,
爱丫爱丫,By2,By2,,,,,,中国大陆,2008,,,,,,,,,,,,,,,,,,,,,,,,,,0,0.000000,,,,,,0,,,,,,2020/01/12 20:35:00.644778966,,,,,,,,,爱情,0,,,
把孤独当做晚餐,井胧,井胧,,,,,,,2019,,,,,,,,,,,,,,,,,,,,,,,,,,0,0.000000,,,,,,0,,,,,,2020/01/12 20:44:54.394992828,,,,,,,,,人生,0,,,
霸王别姬,屠洪刚,屠洪刚,,,,,,,1996,,,,,,,,,,,,,,,,,,,,,,,,,,0,0.000000,,,,,,0,,,,,,2020/01/12 20:40:39.851736068,,,,,,,,,爱情,0,0,https://pic.baike.soso.com/ugc/baikepic2/40414/cut-20160119152340-1846995426.jpg/0,
白桦林,朴树,朴树,,,,,,,,,,,,,,,,,,,,,,,,,,,,,,,,,0,0.000000,,,,,,0,,,,,,2020/02/22 13:58:11.052022933,,,,,,,,,,0,,,
白色恋人,游鸿明,游鸿明,,,,,,,2006,,,,,,,,,,,,,,,,,,,,,,,,,,0,0.000000,,,,,,0,,,,,,2020/01/12 20:40:24.003777980,,,,,,,,,爱情,0,,,
半岛铁盒,周杰伦,周杰伦,,,,,,,,,,,,,,,,,,,,,,,,,,,,,,,,,0,0.000000,,,,,,0,,,,,,2020/02/25 04:41:37.950034141,,,,,,,,,,0,,,
半糖主义,S.H.E,S.H.E,,,,,,,,,,,,,,,,,,,,,,,,,,,,,,,,,0,0.000000,,,,,,0,,,,,,2020/02/25 04:36:43.099434852,,,,,,,,,,0,,,
北京东路的日子,-,-,,,,,,,,,,,,,,,,,,,,,,,,,,,,,,,,,0,0.000000,,,,,,0,,,,,,2020/02/22 14:37:02.904804944,,,,,,,,,,0,,,
北京欢迎你,-,-,,,,,,,,,,,,,,,,,,,,,,,,,,,,,,,,,0,0.000000,,,,,,0,,,,,,2020/02/22 15:32:32.173161983,,,,,,,,,,0,,,
本草纲目,周杰伦,周杰伦,,,,,,,,,,,,,,,,,,,,,,,,,,,,,,,,,0,0.000000,,,,,,0,,,,,,2020/02/25 04:43:30.736011981,,,,,,,,,,0,,,
闭上眼睛去旅行 (Travel Light),Various,,,,,,,,2003,,"[{""title"":""1-1. 至少还有你"",""duration"":0},{""title"":""1-2. 沙滩"",""duration"":0},{""title"":""1-3. 味道"",""duration"":0},{""title"":""1-4. 春光"",""duration"":0},{""title"":""1-5. 这些日子以来"",""duration"":0},{""title"":""1-6. 皇后之歌"",""duration"":0},{""title"":""1-7. 双手的温柔"",""duration"":0},{""title"":""1-8. 纪念"",""duration"":0},{""title"":""1-9. 陪伤心人说往事"",""duration"":0},{""title"":""1-10. 男人不该让女人流泪"",""duration"":0},{""title"":""1-11. 情难枕"",""duration"":0},{""title"":""1-12. 秋天别来"",""duration"":0},{""title"":""1-13. 傀儡尪仔"",""duration"":0},{""title"":""1-14. 爱情"",""duration"":0},{""title"":""1-15. 分享"",""duration"":0},{""title"":""1-16. 最熟悉的陌生人"",""duration"":0},{""title"":""2-1. 矜持"",""duration"":0},{""title"":""2-2. 如果云知道"",""duration"":0},{""title"":""2-3. 用情"",""duration"":0},{""title"":""2-4. 你是我前世的知己"",""duration"":0},{""title"":""2-5. 街角的祝福"",""duration"":0},{""title"":""2-6. 认错"",""duration"":0},{""title"":""2-7. 梦醒时分"",""duration"":0},{""title"":""2-8. 爱我"",""duration"":0},{""title"":""2-9. 点亮霓虹灯"",""duration"":0},{""title"":""2-10. 用心良苦"",""duration"":0},{""title"":""2-11. 容易爱伤的女人"",""duration"":0},{""title"":""2-12. 橄榄树"",""duration"":0},{""title"":""2-13. 回家"",""duration"":0},{""title"":""2-14. 囚鸟"",""duration"":0},{""title"":""2-15. 太傻"",""duration"":0},{""title"":""2-16. 鲁冰花"",""duration"":0}]",,"Pop,Stage & Screen",,,,,,,,,,,,,,,,,,,,,,0,0.000000,,,,,,0,,,,,,2021/11/21 13:08:11.598786830,,,,,,,,12541010,,0,0,https://img.discogs.com/uJe0ho6FL6wJNEqwKIvNmIOsvTg=/fit-in/550x563/filters:strip_icc():format(jpeg):mode_rgb():quality(90)/discogs-images/R-12541010-1537274515-3412.jpeg.jpg,
不仅仅是喜欢,虎二,虎二,,,,,,,2018,,,,,,,,,,,,,,,,,,,,,,,,,,0,0.000000,,,,,,0,,,,,,2020/01/12 20:22:00.696249961,,,,,,,,,爱情,0,,,
不求名来名自扬,阿里郎,阿里郎,,,,,,,2003,,,,,,,,,,,,,,,,,,,,,,,,,,0,0.000000,,,,,,0,,,,,,2020/01/12 21:00:20.412861824,,,,,,,,,人生,0,,,
不如不见,陈奕迅,陈奕迅,,,,,,,2007,,,,,,,,,,,,,,,,,,,,,,,,,,0,0.000000,,,,,,0,,,,,,2020/01/12 20:08:16.630947113,,,,,,,,,爱情,0,0,,
不说再见,河北工程大学,河北工程大学,河北工程大学毕业歌,,,,,,2016,,,,,,,,,,,,,,,,,,,,,,,,,,0,0.000000,,,,,,0,,,,,,2020/02/21 07:46:15.335691928,,,,,,,,,,0,0,,
不要说话,陈奕迅,陈奕迅,,,,,,,2008,,,,,,,,,,,,,,,,,,,,,,,,,,0,0.000000,,,,,,0,,,,,,2020/01/12 20:37:05.343500137,,,,,,,,,爱情,0,,,
布拉格广场,周杰伦,周杰伦,,,,,,,,,,,,,,,,,,,,,,,,,,,,,,,,,0,0.000000,,,,,,0,,,,,,2020/02/25 04:40:15.103564977,,,,,,,,,,0,,,
彩虹,上海彩虹室内合唱团,上海彩虹室内合唱团,,,,,,,,,,,,,,,,,,,,,,,,,,,,,,,,,0,0.000000,,,,,,0,,,,,,2020/02/22 14:29:08.076694965,,,,,,,,,,0,,,
沧海一声笑,许冠杰,许冠杰,,,,,,,1990,,,,,,黄霑,,,,,,,,,,,,,,,,,,,,0,0.000000,,,,,,0,,,,,,2020/02/21 11:39:07.457507133,,,,,,,,,,0,0,,
曾经的你,许巍,许巍,,,,,,,2004,,,,,,,,,,,,,,,,,,,,,,,,,,0,0.000000,,,,,,0,,,,,,2020/01/12 20:39:28.240414142,,,,,,,,,人生,0,,,
曾经我也想过一了百了,中岛美嘉,中岛美嘉,,,,,,日本,2013,,,,,,,,,,,,,,,,,,,,,,,,,,0,4.000000,,,,,,0,,,,,,2020/01/13 00:47:24.726025104,,,,,,,,,人生,0,0,,
成都,赵雷,赵雷,,,,,,,,,,,,,,,,,,,,,,,,,,,,,,,,,0,0.000000,,,,,,0,,,,,,2020/02/22 14:21:15.242495059,,,,,,,,,,0,,,
处处吻,杨千嬅,杨千嬅,,,,,,,,,,,,,,,,,,,,,,,,,,,,,,,,,0,0.000000,,,,,,0,,,,,,2020/02/22 13:59:35.693155050,,,,,,,,,爱情,0,0,,
春歌,何训田,何训田,,,,,,,2002,,,,,,,,,,,,,,,,,,,,,,,,,,0,0.000000,,,,,,0,,,,,,2020/01/12 20:46:36.805829048,,,,,,,,,,0,0,,
春节自救指南,上海彩虹室内合唱团,上海彩虹室内合唱团,,,,,,,2017,,,,,,,,,,,,,,,,,,,,,,,,,,0,0.000000,,,,,,0,,,,,,2020/01/12 20:18:10.521661996,,,,,,,,,诙谐,0,0,,
春天的故事,董文华,董文华,,,,,,,,,,,,,,,,,,,,,,,,,,,,,,,,,0,0.000000,,,,,,0,,,,,,2020/02/22 14:14:17.471816062,,,,,,,,,,0,0,,
春天里,旭日阳刚,旭日阳刚,,,,,,,,,,,,,,,,,,,,,,,,,,,,,,,,,0,0.000000,,,,,,0,,,,,,2020/02/22 15:15:58.473436832,,,,,,,,,,0,,,
从头再来,刘欢,刘欢,,,,,,,1997,,,,,,,,,,,,,,,,,,,,,,,,,,0,0.000000,,,,,,0,,,,,,2020/01/12 20:45:07.682077884,,,,,,,,,人生,0,,,
答案,"杨坤,郭采洁","杨坤,郭采洁",,,,,,,2014,,,,,,,,,,,,,,,,,,,,,,,,,,0,0.000000,,,,,,0,,,,,,2020/01/12 20:22:22.062348842,,,,,,,,,,0,,,
大海,张雨生,张雨生,,,,,,,1992,,,,,,,,,,,,,,,,,,,,,,,,,,0,0.000000,,,,,,0,,,,,,2020/02/21 11:52:04.036290168,,,,,,,,,爱情,0,0,,
大花轿,火风,火风,,,,,,,1995,,,,,,,,,,,,,,,,,,,,,,,,,,0,0.000000,,,,,,0,,,,,,2020/01/12 20:35:34.849751949,,,,,,,,,爱情,0,0,,
大田后生仔,林启得,林启得,,,,,,,2019,,,,,,,,,,,,,,,,,,,,,,,,,,0,0.000000,,,,,,0,,,,,,2020/01/12 20:18:37.740833997,,,,,,,,,人生,0,,,
大田后生仔,丫蛋蛋,丫蛋蛋,,,,,,,2019,,,,,,,,,,,,,,,,,,,,,,,,,,0,0.000000,,,,,,0,,,,,,2020/01/12 20:18:59.532459974,,,,,,,,,人生,0,0,,
大鱼,周深,周深,,,,,,,2016,,,,,,,,,,,,,,,,,,,,,,,,,,0,0.000000,,,,,,0,,,,,,2020/01/12 20:13:39.016160964,,,,,,,,,,0,,,
大中国,高枫,高枫,,,,,,,,,,,,,,,,,,,,,,,,,,,,,,,,,0,0.000000,,,,,,0,,,,,,2020/02/22 14:42:41.065394878,,,,,,,,,,0,,,
单身情歌,林志炫,林志炫,,,,,,,,,,,,,,,,,,,,,,,,,,,,,,,,,0,0.000000,,,,,,0,,,,,,2020/02/22 15:10:36.864171981,,,,,,,,,爱情,0,0,,
胆小鬼,梁咏琪,梁咏琪,,,,,,,,,,,,,,,,,,,,,,,,,,,,,,,,,0,0.000000,,,,,,0,,,,,,2020/02/22 14:30:04.532243967,,,,,,,,,,0,0,,
刀剑如梦,周华健,周华健,,,,,,,,,,,,,,,,,,,,,,,,,,,,,,,,,0,0.000000,,,,,,0,,,,,,2020/02/25 05:08:09.294682979,,,,,,,,,,0,,,
倒带,蔡依林,蔡依林,,,,,,,,,,,,,,,,,,,,,,,,,,,,,,,,,0,0.000000,,,,,,0,,,,,,2020/02/22 15:03:59.733260154,,,,,,,,,爱情,0,0,,
第一次,光良,光良,,,,,,,,,,,,,,,,,,,,,,,,,,,,,,,,,0,0.000000,,,,,,0,,,,,,2020/02/22 15:23:21.081467151,,,,,,,,,爱情,0,0,,
第一时间,F4,F4,,,,,,,2001,,,,,,,,,,,,,,,,,,,,,,,,,,0,0.000000,,,,,,0,,,,,,2020/01/12 20:36:04.135740995,,,,,,,,,爱情,0,0,,
定西,李志,李志,,,,,,,2014,,,,,,,,,,,,,,,,,,,,,,,,,,0,0.000000,,,,,,0,,,,,,2020/01/13 00:47:45.101276874,,,,,,,,,,0,,,
东风破,周杰伦,周杰伦,,,,,,,,,,,,,,,,,,,,,,,,,,,,,,,,,0,0.000000,,,,,,0,,,,,,2020/02/25 04:42:30.454030990,,,,,,,,,,0,,,
冬天里的一把火,费翔,费翔,,,,,,,,,,,,,,,,,,,,,,,,,,,,,,,,,0,0.000000,,,,,,0,,,,,,2020/02/22 14:34:24.251048088,,,,,,,,,,0,0,,
懂你,满文军,满文军,,,,,,,,,,,,,,,,,,,,,,,,,,,,,,,,,0,0.000000,,,,,,0,,,,,,2020/02/22 15:16:50.260157108,,,,,,,,,,0,,,
发如雪,周杰伦,周杰伦,,,,,,,,,,,,,,,,,,,,,,,,,,,,,,,,,0,0.000000,,,,,,0,,,,,,2020/02/25 04:43:02.291074991,,,,,,,,,,0,0,,
凡人歌,李宗盛,李宗盛,,,,,,,,,,,,,,,,,,,,,,,,,,,,,,,,,0,0.000000,,,,,,0,,,,,,2020/02/22 15:19:40.318694114,,,,,,,,,,0,0,,
放个大招给你看,永彬 Ryan.B,"Ryan.B, 永彬",,,,,,,,,,,,,,,,,,,,,,,,,,,,,,,,,0,0.000000,,,,,,0,,,,,,2020/02/22 14:46:02.433305978,,,,,,,,,,0,,,
封存的记忆,河北工程大学,河北工程大学,河北工程大学毕业歌,,,,,,2012,,,,,,,,,,,,,,,,,,,,,,,,,,0,0.000000,,,,,,0,,,,,,2020/02/21 07:51:00.928836822,,,,,,,,,,0,,,
蜂鸟,吴青峰,吴青峰,,,,,,,,,,,,,,,,,,,,,,,,,,,,,,,,,0,0.000000,,,,,,0,,,,,,2020/02/22 14:10:30.915344953,,,,,,,,,,0,,,
浮夸,陈奕迅,陈奕迅,,,,,,,,,,,,,,,,,,,,,,,,,,,,,,,,,0,0.000000,,,,,,0,,,,,,2020/02/25 04:54:55.627280950,,,,,,,,,,0,,,
父亲,筷子兄弟,筷子兄弟,,,,,,,2011,,,,,,,,,,,,,,,,,,,,,,,,,,0,0.000000,,,,,,0,,,,,,2020/01/12 20:53:28.235721111,,,,,,,,,亲情,0,0,,
父亲写的散文诗,许飞,许飞,,,,,,,2017,,,,,,,,,,,,,,,,,,,,,,,,,,0,4.000000,,,,,,0,,,,,,2020/01/12 20:55:37.710885047,,,,,,,"一九八四年 庄稼还没收割完
女儿躺在我怀里 睡得那么甜
今晚的露天电影 没时间去看
妻子提醒我 修修缝纫机的踏板
明天我要去 邻居家再借点钱
孩子哭了一整天啊 闹着要吃饼干
蓝色的涤卡上衣 痛往心里钻
蹲在池塘边上 给了自己两拳
这是我父亲
日记里的文字
这是他的青春留下
留下来的散文诗
几十年以后 我看着泪流不止
可我的父亲已经 老得像一个影子
一九九四年
庄稼早已收割完
我的老母亲去年 离开了人间
女儿扎着马尾辫 跑进了校园
可是她最近有点孤单 瘦了一大圈
想一想未来
我老成了一堆旧纸钱
那时的女儿一定 美的很惊艳
有个爱她的男人要娶她回家
可想到这些 我却不忍看她一眼
这是我父亲
日记里的文字
这是他的生命 留下
留下来的散文诗
几十年后
我看着泪流不止
可我的父亲已经老得像一张旧报纸
旧报纸
那上面的故事 就是一辈子",,亲情,0,0,http://inews.gtimg.com/newsapp_bt/0/1673591796/641,
敢爱敢做,林子祥,林子祥,,,,,,,,,,,,,,,,,,,,,,,,,,,,,,,,,0,0.000000,,,,,,0,,,,,,2020/02/25 04:59:36.903610944,,,,,,,,,,0,0,,
敢问路在何方,蒋大为,蒋大为,,,,,,,1986,,,,,,,,,,,,,,,,,,,,,,,,,,0,0.000000,,,,,,0,,,,,,2020/01/12 21:00:36.686113834,,,,,,,,,人生,0,0,,
感觉身体被掏空,上海彩虹室内合唱团,上海彩虹室内合唱团,,,,,,,,,,,,,,,,,,,,,,,,,,,,,,,,,0,0.000000,,,,,,0,,,,,,2020/02/22 14:29:22.340611934,,,,,,,,,,0,0,,
高级动物,窦唯,窦唯,,,,,,,,,,,,,,,,,,,,,,,,,,,,,,,,,0,0.000000,,,,,,0,,,,,,2020/02/25 05:11:55.165144920,,,,,,,,,,0,,,
告白气球,周杰伦,周杰伦,,,,,,,,,,,,,,,,,,,,,,,,,,,,,,,,,0,0.000000,,,,,,0,,,,,,2020/02/25 04:45:59.243509054,,,,,,,,,爱情,0,0,,
告白之夜,Ayasa絢沙,Ayasa絢沙,,,,,,,,,,,,,,,,,,,,,,,,,,,,,,,,,0,0.000000,,,,,,0,,,,,,2020/02/21 12:36:22.131983995,,,,,,,,,纯音乐/器乐,0,,,
给我一首歌的时间,周杰伦,周杰伦,,,,,,,,,,,,,,,,,,,,,,,,,,,,,,,,,0,0.000000,,,,,,0,,,,,,2020/02/25 04:40:41.105321884,,,,,,,,,,0,0,,
孤勇者,陈奕迅,陈奕迅,,,,,,,,,,,,,,,,,,,,,,,,,,,,,,,,,0,0.000000,,,,,,0,,,,,,2022/02/06 11:19:32.032592058,,,,,,,,,,0,0,,
鼓楼,赵雷,赵雷,,,,,,,,,,,,,,,,,,,,,,,,,,,,,,,,,0,0.000000,,,,,,0,,,,,,2020/02/22 14:22:09.163711071,,,,,,,,,,0,,,
鼓诗,阎学敏,阎学敏,,,,,,,2006,,,,,,,,,,,,,,,,,,,,,,,,,,0,0.000000,,,,,,0,,,,,,2020/01/12 21:04:52.894389152,,,,,,,,,纯音乐/器乐,0,,https://y.gtimg.cn/music/photo_new/T002R300x300M000001qzhYS4BTr6A.jpg?max_age=2592000,
故乡的云,费翔,费翔,,,,,,,,,,,,,,,,,,,,,,,,,,,,,,,,,0,0.000000,,,,,,0,,,,,,2020/02/22 14:34:02.059213161,,,,,,,,,,0,0,,
光辉岁月,beyond,beyond,,,,,,,1990,,,,,,,,,,,,,,,,,,,,,,,,,,0,0.000000,,,,,,0,,,,,,2020/02/21 11:38:03.923712015,,,,,,,,,,0,,,
光明南大街199号,河北工程大学,河北工程大学,河北工程大学毕业歌,,,,,,2019,,,,,,,,,,,,,,,,,,,,,,,,,,0,0.000000,,,,,,0,,,,,,2020/02/21 07:49:38.905433177,,,,,,,,,,0,0,http://sinastorage.com/kaoshi.edu.sina.com.cn/college_photo/50064.jpg,
光年之外,G.E.M.邓紫棋,G.E.M.邓紫棋,,,,,,,2016,,,,,,,,,,,,,,,,,,,,,,,,,,0,0.000000,,,,,,0,,,,,,2020/01/12 20:58:10.028558969,,,,,,,,,,0,,https://y.gtimg.cn/music/photo_new/T002R300x300M000001mTkmb4GJlh4.jpg?max_age=2592000,
海阔天空,beyond,beyond,,,,,,,,,,,,,,,,,,,,,,,,,,,,,,,,,0,0.000000,,,,,,0,,,,,,2020/02/22 15:14:47.946886062,,,,,,,,,,0,,,
海市蜃楼,林子祥,林子祥,,,,,,,,,,,,,,,,,,,,,,,,,,,,,,,,,0,0.000000,,,,,,0,,,,,,2020/02/25 04:58:05.109266996,,,,,,,,,,0,0,,
好大一棵树,"田震,那英","田震,那英",,,,,,,1990,,,,,,松山千春,,,,,,,,,,,,,,,,,,,,0,0.000000,,,,,,0,,,,,,2020/02/23 01:31:13.177084922,,,,,,,,,,0,,,
好姑娘,李晓杰,李晓杰,,,,,,,2005,,,,,,,,,,,,,,,,,,,,,,,,,,0,0.000000,,,,,,0,,,,,,2020/01/12 20:36:19.658854961,,,,,,,,,爱情,0,,,
好久不见,陈奕迅,陈奕迅,,,,,,,2007,,,,,,,,,,,,,,,,,,,,,,,,,,0,0.000000,,,,,,0,,,,,,2020/01/12 20:37:43.641422986,,,,,,,,,爱情,0,,,
好日子,宋祖英,宋祖英,,,,,,,1998,,,,,,,,,,,,,,,,,,,,,,,,,,0,0.000000,,,,,,0,,,,,,2020/02/23 01:29:32.913064002,,,,,,,,,,0,,,
好想爱这个世界啊,华晨宇,华晨宇,,,,,,,,,,,,,,,,,,,,,,,,,,,,,,,,,0,0.000000,,,,,,0,,,,,,2020/02/22 16:15:48.810788154,,,,,,,,,,0,0,,
黑色柳丁,陶喆,陶喆,,,"[{""title"":""David Tao 陶喆 -  Butterfly 蝴蝶 (Lyrics & Translation)"",""youtubeID"":""pNFlLc4_azQ""},{""title"":""陶吉吉 - Katrina"",""youtubeID"":""_I5f_Q2e61M""},{""title"":""陶喆  今天晚間新聞+Dear God"",""youtubeID"":""Lhqz_Ew60rw""},{""title"":""陶喆 - angel"",""youtubeID"":""OAhEzijTV0U""},{""title"":""陶喆 - 二十二"",""youtubeID"":""vWGsTdbnQYk""},{""title"":""陶喆 - 月亮代表谁的心"",""youtubeID"":""nf0TlwlnPHQ""},{""title"":""陶喆 David Tao - 宮保雞丁 Kung Pao Chicken"",""youtubeID"":""ZSCFvZ3uvak""},{""title"":""陶喆 David Tao – Melody (官方完整版MV)"",""youtubeID"":""yEtU5tzZMkY""},{""title"":""陶喆 David Tao – My Anata (官方完整版MV)"",""youtubeID"":""VsjquPZESlc""},{""title"":""陶喆 David Tao – 討厭紅樓夢 Let's Fall In Love (官方完整版MV)"",""youtubeID"":""cOy2rdGe8LE""},{""title"":""陶喆 David Tao – 黑色柳丁 Black Tangerine (官方完整版MV)"",""youtubeID"":""VC4KT__tx5g""},{""title"":""陶喆-搖籃曲"",""youtubeID"":""UXF-c8ROZNM""}]",,,Taiwan,2002,,"[{""title"":""1. 黑色柳丁"",""duration"":255},{""title"":""2. 今天晚間新聞"",""duration"":133},{""title"":""3. Dear God"",""duration"":329},{""title"":""4. Angel"",""duration"":232},{""title"":""5. 討厭紅樓夢"",""duration"":242},{""title"":""6. 蝴蝶"",""duration"":283},{""title"":""7. 宮保雞丁"",""duration"":234},{""title"":""8. Melody"",""duration"":269},{""title"":""9. 月亮代表誰的心"",""duration"":205},{""title"":""10. 二十二"",""duration"":262},{""title"":""11. My Anata"",""duration"":227},{""title"":""12. 搖籃曲"",""duration"":255},{""title"":"". Bonus Track"",""duration"":0},{""title"":""13. Katrina (Demo)"",""duration"":266}]",,"Rock,Pop,Funk / Soul","Alternative Rock,Ballad,Rhythm & Blues",,,,Backing Vocals - 陶喆,,,,,,,,专辑,,,,,,,,,0,0.000000,,,,,,0,,,,,,2020/02/27 22:09:50.597404956,,,,,,,,11239608,,0,,https://img.discogs.com/a8o0seM0j7L5ODcEqgeuFanUpuc=/fit-in/600x521/filters:strip_icc():format(jpeg):mode_rgb():quality(90)/discogs-images/R-11239608-1512513311-5928.jpeg.jpg,
红土香,徐沛东,徐沛东,,,,,,,,,,,,,徐沛东,,,,,,,,,,,,,,,,,,,,0,0.000000,,,,,,0,,,,,,2020/02/25 05:27:00.882513999,,,,,,,,,,0,0,,
后来,刘若英,刘若英,,,,,,,,,,,,,,,,,,,,,,,,,,,,,,,,,0,0.000000,,,,,,0,,,,,,2020/02/22 15:09:56.231575965,,,,,,,,,爱情,0,0,,
花又开好了,S.H.E,S.H.E,,,,,,,,,,,,,,,,,,,,,,,,,,,,,,,,,0,0.000000,,,,,,0,,,,,,2020/02/25 04:37:00.137722015,,,,,,,,,,0,,,
画,赵雷,赵雷,,,,,,,2011,,,,,,,,,,,,,,,,,,,,,,,,,,0,4.000000,,,,,,0,,,,,,2020/01/12 20:13:26.869577884,,,,,,,,,人生,0,,,
黄昏,周传雄,周传雄,,,,,,,2000,,,,,,,,,,,,,,,,,,,,,,,,,,0,0.000000,,,,,,0,,,,,,2020/01/12 20:15:08.868659019,,,,,,,,,爱情,0,0,,
会好的,张艺兴,张艺兴,,,,,,,,,,,,,,,,,,,,,,,,,,,,,,,,,0,0.000000,,,,,,0,,,,,,2020/02/22 15:47:14.608266830,,,,,,,mv,,,0,,,
活着,洪真英,洪真英,,,,,,,,,,,,,,,,,,,,,,,,,,,,,,,,,0,0.000000,,,,,,0,,,,,,2020/03/19 01:18:24.244086027,,,,,,,,,,0,,,
活着,郝云,郝云,,,,,,,2013,,,,,,,,,,,,,,,,,,,,,,,,,,0,0.000000,,,,,,0,,,,,,2020/01/12 20:54:39.521875858,,,,,,,,,人生,0,0,,
火苗,格格,格格,,,,,,,2010,,,,,,,,,,,,,,,,,,,,,,,,,,0,0.000000,,,,,,0,,,,,,2020/02/21 09:33:43.262350082,,,,,,,,,,0,0,,
记得吗,河北工程大学,河北工程大学,河北工程大学毕业歌,,,,,,2017,,,,,,,,,,,,,,,,,,,,,,,,,,0,0.000000,,,,,,0,,,,,,2020/02/21 07:46:42.879081964,,,,,,,,,,0,0,,
寂寞沙洲冷,周传雄,周传雄,,,,,,,,,,,,,,,,,,,,,,,,,,,,,,,,,0,0.000000,,,,,,0,,,,,,2020/02/22 15:14:12.216585159,,,,,,,,,爱情,0,0,,
假行僧,崔健,崔健,,,,,,,,,,,,,,,,,,,,,,,,,,,,,,,,,0,0.000000,,,,,,0,,,,,,2020/02/25 22:53:18.611050128,,,,,,,,,,0,,,
姐姐,张楚,张楚,,,,,,,1992,,,,,,,,,,,,,,,,,,,,,,,,,,0,0.000000,,,,,,0,,,,,,2020/02/21 11:51:19.393707990,,,,,,,,,,0,,,
借我,谢春花,谢春花,,,,,,,,,,,,,,,,,,,,,,,,,,,,,,,,,0,0.000000,,,,,,0,,,,,,2020/02/22 14:49:31.299203872,,,,,,,,,,0,,,
今天你要嫁给我,陶喆,陶喆,,,,,,,,,,,,,,,,,,,,,,,,,,,,,,,,,0,0.000000,,,,,,0,,,,,,2020/02/27 22:07:11.619472980,,,,,,,,,爱情,0,0,,
九儿,谭晶,谭晶,,,,,,,2017,,,,,,,,,,,,,,,,,,,,,,,,,,0,0.000000,,,,,,0,,,,,,2020/01/12 20:57:42.192929029,,,,,,,,,,0,,,
九月九的酒,陈少华,陈少华,,,,,,,1994,,,,,,,,,,,,,,,,,,,,,,,,,,0,0.000000,,,,,,0,,,,,,2020/01/12 20:35:48.606092929,,,,,,,,,,0,,,
酒干倘卖无,苏芮,苏芮,,,,,,,,,,,,,,,,,,,,,,,,,,,,,,,,,0,0.000000,,,,,,0,,,,,,2020/02/25 05:05:51.532212018,,,,,,,,,,0,,,
菊花台,周杰伦,周杰伦,,,,,,,,,,,,,,,,,,,,,,,,,,,,,,,,,0,0.000000,,,,,,0,,,,,,2020/02/25 04:43:41.006808996,,,,,,,,,,0,,,
倔强,五月天,五月天,,,,,,,,,,,,,,,,,,,,,,,,,,,,,,,,,0,0.000000,,,,,,0,,,,,,2020/02/22 13:46:19.355772972,,,,,,,,,,0,,,
卡路里,火箭少女101,火箭少女101,,,,,,,2018,,,,,,,,,,,,,,,,,,,,,,,,,,0,0.000000,,,,,,0,,,,,,2020/01/13 00:48:51.785218954,,,,,,,,,运动,0,0,,
渴望,毛阿敏,毛阿敏,,,,,,,,,,,,,,,,,,,,,,,,,,,,,,,,,0,0.000000,,,,,,0,,,,,,2020/02/25 05:16:40.885980129,,,,,,,,,爱情,0,0,,
来自天堂的魔鬼,G.E.M.邓紫棋,G.E.M.邓紫棋,,,,,,,,,,,,,,,,,,,,,,,,,,,,,,,,,0,0.000000,,,,,,0,,,,,,2020/02/22 14:03:27.899813175,,,,,,,,,,0,,,
蓝莲花,许巍,许巍,,,,,,,2002,,,,,,,,,,,,,,,,,,,,,,,,,,0,0.000000,,,,,,0,,,,,,2020/01/12 20:39:39.452862977,,,,,,,,,,0,0,,
啷个哩个啷,鹏泊,鹏泊,,,,,,,,,,,,,,,,,,,,,,,,,,,,,,,,,0,0.000000,,,,,,0,,,,,,2020/02/22 14:28:10.754064083,,,,,,,,,,0,0,,
浪淘沙•北戴河,廖昌永,廖昌永,,,,,,,,,,,,,徐沛东,,,,,,,,,,,,,,,,,,,,0,0.000000,,,,,,0,,,,,,2020/02/25 05:34:54.258321046,,,,,,,,,,0,,,
浪子回头,茄子蛋,茄子蛋,,,,,,,2017,,,,,,,,,,,,,,,,,,,,,,,,,,0,0.000000,,,,,,0,,,,,,2020/01/12 20:56:16.477646112,,,,,,,,,人生,0,0,,
老师你好,in3 阴三儿,"阴三儿, in3",,,,,,,2015,,,,,,,,,,,,,,,,,,,,,,,,,,0,0.000000,,,,,,0,,,,,,2020/01/13 00:56:03.329563140,,,,,,,文化部2015年发布的120首网络音乐管理黑名单。,,讽刺,0,0,,
老子明天不上班,谢帝,谢帝,,,,,,,2013,,,,,,,,,,,,,,,,,,,,,,,,,,0,0.000000,,,,,,0,,,,,,2020/01/13 02:10:16.337875843,,,,,,,,,讽刺,0,,,
离歌,信乐团,信乐团,,,,,,,2003,,,,,,,,,,,,,,,,,,,,,,,,,,0,0.000000,,,,,,0,,,,,,2020/01/12 20:38:55.736572980,,,,,,,,,爱情,0,0,,
黎明前的黑暗,张韶涵,张韶涵,,,,,,,,,,,,,,,,,,,,,,,,,,,,,,,,,0,0.000000,,,,,,0,,,,,,2020/02/23 18:32:06.872107028,,,,,,,,,,0,0,,
礼尚往来,"郝梦春,赵明轩","郝梦春,赵明轩",,,,,,,,,,,,,,,,,,,,,,,,,,,,,,,,,0,0.000000,,,,,,0,,,,,,2020/04/30 12:02:28.227185010,,,,,,,,,相声,0,,,
理想,赵雷,赵雷,,,,,,,,,,,,,,,,,,,,,,,,,,,,,,,,,0,0.000000,,,,,,0,,,,,,2020/02/22 14:21:23.837732791,,,,,,,,,,0,,,
历史的天空,毛阿敏,毛阿敏,,,,,,,,,,,,,,,,,,,,,,,,,,,,,,,,,0,0.000000,,,,,,0,,,,,,2020/02/25 05:13:41.313946962,,,,,,,,,,0,0,,
恋爱ing,五月天,五月天,,,,,,,,,,,,,,,,,,,,,,,,,,,,,,,,,0,0.000000,,,,,,0,,,,,,2020/02/22 13:46:28.942624092,,,,,,,,,爱情,0,0,,
留什么给你,孙楠,孙楠,,,,,,,,,,,,,,,,,,,,,,,,,,,,,,,,,0,0.000000,,,,,,0,,,,,,2020/02/22 15:19:13.646707057,,,,,,,,,爱情,0,0,,
旅行,许巍,许巍,,,,,,,2004,,,,,,,,,,,,,,,,,,,,,,,,,,0,0.000000,,,,,,0,,,,,,2020/01/12 20:39:51.678946971,,,,,,,,,,0,,,
轮回,杭盖乐队,杭盖乐队,,,,,,,2015,,,,,,,,,,,,,,,,,,,,,,,,,,0,0.000000,,,,,,0,,,,,,2020/01/12 20:55:24.439699172,,,,,,,,,,0,0,,
每个人都看到了希望,筷子兄弟,筷子兄弟,,,,,,,2014,,,,,,,,,,,,,,,,,,,,,,,,,,0,0.000000,,,,,,0,,,,,,2020/01/12 20:50:28.265729904,,,,,,,,,人生,0,,,
美丽的神话,韩红,韩红,,,,,,,,,,,,,,,,,,,,,,,,,,,,,,,,,0,0.000000,,,,,,0,,,,,,2020/02/22 14:30:49.149932861,,,,,,,,,,0,0,,
门,好妹妹乐队,好妹妹乐队,,,,,,,2015,,,,,,,,,,,,,,,,,,,,,,,,,,0,0.000000,,,,,,0,,,,,,2020/01/12 21:00:52.150164127,,,,,,,,,,0,,,
梦开始的地方,河北工程大学,河北工程大学,河北工程大学毕业歌,,,,,,2013,,,,,,,,,,,,,,,,,,,,,,,,,,0,0.000000,,,,,,0,,,,,,2020/02/21 07:43:21.917604923,,,,,,,,,,0,,http://a4.att.hudong.com/35/51/01300000088531120745519154471.jpg,
梦醒时分,李翊君,李翊君,,,,,,,,,,,,,,,,,,,,,,,,,,,,,,,,,0,0.000000,,,,,,0,,,,,,2020/02/22 14:56:04.687492847,,,,,,,,,,0,,,
明天，你好,牛奶咖啡,牛奶咖啡,,,,,,,2011,,,,,,,,,,,,,,,,,,,,,,,,,,0,0.000000,,,,,,0,,,,,,2020/01/12 20:15:33.827199935,,,,,,,,,人生,0,,,
明天会更好,-,-,,,,,,,1986,,,,,,,,,,,,,,,,,,,,,,,,,,0,0.000000,,,,,,0,,,,,,2020/02/25 05:04:28.366580009,,,,,,,,,,0,0,,
莫忘初心,河北工程大学,河北工程大学,河北工程大学毕业歌,,,,,,2015,,,,,,,,,,,,,,,,,,,,,,,,,,0,0.000000,,,,,,0,,,,,,2020/02/21 07:44:24.775921821,,,,,,,,,,0,,,
漠河舞厅,柳爽,柳爽,,,,,,,,,,,,,,,,,,,,,,,,,,,,,,,,,0,0.000000,,,,,,0,,,,,,2021/11/13 09:32:28.234621047,,,,,,,,,爱情,0,0,,
那些花儿,朴树,朴树,,,,,,,,,,,,,,,,,,,,,,,,,,,,,,,,,0,0.000000,,,,,,0,,,,,,2020/02/22 13:58:30.275559902,,,,,,,,,,0,0,,
男儿当自强,林子祥,林子祥,,,,,,,,,,,,,,,,,,,,,,,,,,,,,,,,,0,0.000000,,,,,,0,,,,,,2020/02/22 15:38:59.099706172,,,,,,,,,,0,0,,
南方姑娘,赵雷,赵雷,,,,,,,,,,,,,,,,,,,,,,,,,,,,,,,,,0,0.000000,,,,,,0,,,,,,2020/02/22 14:21:35.317164897,,,,,,,,,爱情,0,0,,
难念的经,周华健,周华健,,,,,,,1996,,,,,,,,,,,,,,,,,,,,,,,,,,0,0.000000,,,,,,0,,,,,,2020/01/12 21:01:07.599097967,,,,,,,,,,0,0,,
你曾是少年,S.H.E,S.H.E,,,,,,,,,,,,,,,,,,,,,,,,,,,,,,,,,0,0.000000,,,,,,0,,,,,,2020/02/25 04:36:13.296241998,,,,,,,,,,0,,,
你的答案,阿冗,阿冗,,,,,,,2019,,,,,,,,,,,,,,,,,,,,,,,,,,0,0.000000,,,,,,0,,,,,,2020/01/13 00:49:12.869399785,,,,,,,,,人生,0,,,
你的酒馆对我打了烊,陈雪凝,陈雪凝,,,,,,,,,,,,,,,,,,,,,,,,,,,,,,,,,0,0.000000,,,,,,0,,,,,,2020/02/22 16:24:48.753751993,,,,,,,,,爱情,0,0,,
你的样子,罗大佑,罗大佑,,,,,,,,,,,,,,,,,,,,,,,,,,,,,,,,,0,0.000000,,,,,,0,,,,,,2020/02/22 13:32:01.448281049,,,,,,,,,,0,0,,
怒放的生命,汪峰,汪峰,,,,,,,,,,,,,,,,,,,,,,,,,,,,,,,,,0,0.000000,,,,,,0,,,,,,2020/02/22 15:12:25.441797018,,,,,,,,,,0,,,
暖暖,梁静茹,梁静茹,,,,,,,2006,,,,,,,,,,,,,,,,,,,,,,,,,,0,0.000000,,,,,,0,,,,,,2020/01/13 00:49:27.732078075,,,,,,,,,,0,0,,
挪威的森林,伍佰,伍佰,,,,,,,,,,,,,,,,,,,,,,,,,,,,,,,,,0,0.000000,,,,,,0,,,,,,2020/02/22 13:43:37.991863965,,,,,,,,,,0,,,
朋友,彭丽媛,彭丽媛,,,,,,,2002,,,,,,,,,,,,,,,,,,,,,,,,,,0,0.000000,,,,,,0,,,,,,2020/02/21 08:53:48.216816902,,,,,,,,,,0,,,
朋友,周华健,周华健,,,,,,,1997,,,,,,,,,,,,,,,,,,,,,,,,,,0,4.000000,,,,,,0,,,,,,2020/01/12 20:14:52.894642829,,,,,,,,,友情,0,0,,
朋友别哭,吕方,吕方,,,,,,,1995,,,,,,,,,,,,,,,,,,,,,,,,,,0,0.000000,,,,,,0,,,,,,2020/01/12 20:37:59.605885028,,,,,,,,,友情,0,0,,
朋友的酒,李晓杰,李晓杰,,,,,,,2009,,,,,,,,,,,,,,,,,,,,,,,,,,0,0.000000,,,,,,0,,,,,,2020/01/12 20:38:40.938956022,,,,,,,,,友情,0,,,
漂洋过海来看你,刘明湘,刘明湘,,,,,,,2014,,,,,,,,,,,,,,,,,,,,,,,,,,0,0.000000,,,,,,0,,,,,,2020/01/13 00:49:49.157377958,,,,,,,,,,0,,,
漂洋过海来看你,李宗盛,李宗盛,,,,,,,1991,,,,,,,,,,,,,,,,,,,,,,,,,,0,0.000000,,,,,,0,,,,,,2020/01/13 00:49:49.157377958,,,,,,,,,,0,0,,
漂移,周杰伦,周杰伦,,,,,,,,,,,,,,,,,,,,,,,,,,,,,,,,,0,0.000000,,,,,,0,,,,,,2020/02/25 04:42:49.027313947,,,,,,,,,,0,0,,
平凡之路,朴树,朴树,,,,,,,,,,,,,,,,,,,,,,,,,,,,,,,,,0,0.000000,,,,,,0,,,,,,2020/02/22 13:57:40.256453037,,,,,,,,,,0,0,,
七里香,周杰伦,周杰伦,,,,,,,,,,,,,,,,,,,,,,,,,,,,,,,,,0,0.000000,,,,,,0,,,,,,2020/02/25 04:42:13.199350833,,,,,,,,,,0,,,
七友,梁汉文,梁汉文,,,,,,,,,,,,,,,,,,,,,,,,,,,,,,,,,0,0.000000,,,,,,0,,,,,,2020/02/22 13:47:53.909459114,,,,,,,男不听七友，女不听钟无艳。,,,0,,,
七月上,Jam,Jam,,,,,,,,,,,,,,,,,,,,,,,,,,,,,,,,,0,0.000000,,,,,,0,,,,,,2020/02/22 13:57:18.731028079,,,,,,,,,,0,,,
骑上我心爱的小摩托,静 Sir,"Sir, 静",,,,,,,2018,,,,,,,,,,,,,,,,,,,,,,,,,,0,0.000000,,,,,,0,,,,,,2020/01/12 20:19:21.725844860,,,,,,,,,,0,0,,
千层套路,中村千寻,中村千寻,,,,,,,2017,,,,,,,,,,,,,,,,,,,,,,,,,,0,0.000000,,,,,,0,,,,,,2020/01/12 20:21:41.779736042,,,,,,,,,爱情,0,0,,
千江月,何训田,何训田,,,,,,,,,,,,,,,,,,,,,,,,,,,,,,,,,0,0.000000,,,,,,0,,,,,,2020/01/12 20:46:21.861206054,,,,,,,,,,0,0,,
千亿个夜晚,林子祥,林子祥,,,,,,,,,,,,,,,,,,,,,,,,,,,,,,,,,0,0.000000,,,,,,0,,,,,,2020/02/25 04:58:35.912976980,,,,,,,,,,0,0,,
牵手,苏芮,苏芮,,,,,,,,,,,,,,,,,,,,,,,,,,,,,,,,,0,0.000000,,,,,,0,,,,,,2020/02/25 05:06:11.239612102,,,,,,,,,,0,,,
亲爱的旅人啊,周深,周深,,,,,,,,,,,,,,,,,,,,,,,,,,,,,,,,,0,0.000000,,,,,,0,,,,,,2020/01/13 00:50:06.240919113,,,,,,,,,,0,0,,
青花瓷,周杰伦,周杰伦,,,,,,,,,,,,,,,,,,,,,,,,,,,,,,,,,0,0.000000,,,,,,0,,,,,,2020/02/25 04:43:55.236531019,,,,,,,,,,0,,,
青鸟,陈乐一,陈乐一,,,,,,,,,,,,,,,,,,,,,,,,,,,,,,,,,0,0.000000,,,,,,0,,,,,,2020/01/13 00:50:26.521836996,,,,,,,,,,0,0,,
秋意浓,张学友,张学友,,,,,,,,,,,,,,,,,,,,,,,,,,,,,,,,,0,0.000000,,,,,,0,,,,,,2020/02/22 15:05:29.902459144,,,,,,,,,,0,0,,
去流浪,周笔畅,周笔畅,,,,,,,,,,,,,,,,,,,,,,,,,,,,,,,,,0,0.000000,,,,,,0,,,,,,2020/01/12 20:59:20.331092834,,,,,,,,,,0,0,http://p2.cri.cn/M00/13/7F/CqgRLlxU7XmAYTV3AAAAAAAAAAA266.650x650.jpg,
让世界充满爱,群星,群星,,,,,,,,,,,,,,,,,,,,,,,,,,,,,,,,,0,0.000000,,,,,,0,,,,,,2020/02/22 14:35:25.724897861,,,,,,,,,,0,,,
人间情多,李殊,李殊,,,,,,,2003,,,,,,,,,,,,,,,,,,,,,,,,,,0,0.000000,,,,,,0,,,,,,2020/01/12 21:01:35.375570058,,,,,,,,,人生,0,,,
日遭三险（相声）,刘宝瑞,刘宝瑞,,,,,,,,,,,,,,,,,,,,,,,,,,,,,,,,,0,0.000000,,,,,,0,,,,,,2020/01/12 21:05:36.411098957,,,,,,,,,相声,0,0,,
如初的笑脸,河北工程大学,河北工程大学,河北工程大学毕业歌,,,,,,2018,,,,,,,,,,,,,,,,,,,,,,,,,,0,0.000000,,,,,,0,,,,,,2020/02/21 07:48:56.364001035,,,,,,,,,,0,,,
如果这都不算爱,张学友,张学友,,,,,,,,,,,,,,,,,,,,,,,,,,,,,,,,,0,0.000000,,,,,,0,,,,,,2020/02/22 15:04:31.829514026,,,,,,,,,爱情,0,0,,
如愿,韩甜甜,韩甜甜,,,,,,,,,,,,,,,,,,,,,,,,,,,,,,,,,0,0.000000,,,,,,0,,,,,,2022/02/12 12:21:33.326498985,,,,,,,,,,0,0,,
杀死那个石家庄人,万能青年旅店,万能青年旅店,,,,,,,,,,,,,,,,,,,,,,,,,,,,,,,,,0,0.000000,,,,,,0,,,,,,2020/01/13 00:50:45.346380949,,,,,,,,,,0,0,,
山丘,李宗盛,李宗盛,,,,,,,2013,,,,,,,,,,,,,,,,,,,,,,,,,,0,0.000000,,,,,,0,,,,,,2020/01/13 00:50:58.617990016,,,,,,,,,,0,,,
伤心的人别听慢歌,五月天,五月天,,,,,,,,,,,,,,,,,,,,,,,,,,,,,,,,,0,0.000000,,,,,,0,,,,,,2020/02/22 13:46:57.520547866,,,,,,,,,,0,0,,
少年锦时,赵雷,赵雷,,,,,,,,,,,,,,,,,,,,,,,,,,,,,,,,,0,0.000000,,,,,,0,,,,,,2020/02/22 14:22:21.335695981,,,,,,,,,,0,,,
生如夏花,朴树,朴树,,,,,,,2003,,"[{""title"":""CD-1. 傻子才悲伤"",""duration"":0},{""title"":""CD-2. 我爱你, 再见"",""duration"":0},{""title"":""CD-3. 傲慢的上校"",""duration"":0},{""title"":""CD-4. 来不及"",""duration"":0},{""title"":""CD-5. Colorful Days"",""duration"":0},{""title"":""CD-6. 今夜的滋味"",""duration"":0},{""title"":""CD-7. 苏珊的舞鞋"",""duration"":0},{""title"":""CD-8. 生如夏花"",""duration"":0},{""title"":""CD-9. 且听风吟"",""duration"":0},{""title"":""CD-10. La Perte"",""duration"":0},{""title"":""CD-11. 她在睡梦中"",""duration"":0},{""title"":"". Bonus VCD"",""duration"":0},{""title"":""VCD-1. Colorful Days (MV)"",""duration"":0},{""title"":""VCD-2. 冲出你的窗口 (MV+拍摄花絮)"",""duration"":0}]",,Pop,,,,,,,,,,,,,,,,,,,,,,0,0.000000,,,,,,0,,,,,,2022/02/06 11:28:59.660645008,,,,,,,,15474833,,0,0,https://i.discogs.com/X9Kx3Cusl56cESIO_NyI_hGN_GqKYvi3iUszqBMAoGQ/rs:fit/g:sm/q:90/h:656/w:600/czM6Ly9kaXNjb2dz/LWltYWdlcy9SLTE1/NDc0ODMzLTE1OTIx/NDM0NDAtNjE1Ny5q/cGVn.jpeg,
十分十二寸,林子祥,林子祥,,,,,,,,,,,,,,,,,,,,,,,,,,,,,,,,,0,0.000000,,,,,,0,,,,,,2020/02/25 04:59:27.941666126,,,,,,,,,,0,0,,
时光•留下,河北工程大学,河北工程大学,河北工程大学毕业歌,,,,,,2014,,,,,,,,,,,,,,,,,,,,,,,,,,0,0.000000,,,,,,0,,,,,,2020/01/13 00:51:25.503870010,,,,,,,,,,0,0,http://img.cetv.cn/a/10001/201708/565338b0d616159fad4a2ffa1004f5fa.jpeg,
世间美好与你环环相扣,柏松,柏松,,,,,,,2019,,,,,,,,,,,,,,,,,,,,,,,,,,0,0.000000,,,,,,0,,,,,,2020/01/13 00:51:47.312067031,,,,,,,,,,0,,,
手语,周杰伦,周杰伦,,,,,,,,,,,,,,,,,,,,,,,,,,,,,,,,,0,0.000000,,,,,,0,,,,,,2020/02/25 04:45:14.258596897,,,,,,,,,,0,0,,
数字人生,林子祥,林子祥,,,,,,,,,,,,,,,,,,,,,,,,,,,,,,,,,0,0.000000,,,,,,0,,,,,,2020/02/25 04:56:08.305519104,,,,,,,,,,0,,,
双截棍,周杰伦,周杰伦,,,,,,,,,,,,,,,,,,,,,,,,,,,,,,,,,0,0.000000,,,,,,0,,,,,,2020/02/25 04:41:15.699762821,,,,,,,,,,0,0,,
水手,郑智化,郑智化,,,,,,,,,,,,,,,,,,,,,,,,,,,,,,,,,0,0.000000,,,,,,0,,,,,,2020/02/22 14:57:34.915416955,,,,,,,,,,0,0,,
说好的幸福呢,周杰伦,周杰伦,,,,,,,,,,,,,,,,,,,,,,,,,,,,,,,,,0,0.000000,,,,,,0,,,,,,2020/02/25 04:44:28.282390117,,,,,,,,,,0,,,
岁月神偷,金玟岐,金玟岐,,,,,,,,,,,,,,,,,,,,,,,,,,,,,,,,,0,0.000000,,,,,,0,,,,,,2020/01/12 20:45:40.886393070,,,,,,,,,,0,,"https://media.streetvoice.com/song_covers/zh/ao/zhaoeric/db4ca31c226a43dcb697d23cb5076460.jpg?x-oss-process=image/resize,m_fill,h_260,w_260,limit_0",
套马杆,乌兰托娅,乌兰托娅,,,,,,,2010,,,,,,,,,,,,,,,,,,,,,,,,,,0,0.000000,,,,,,0,,,,,,2020/02/21 09:35:00.183984994,,,,,,,,,,0,,,
天亮了,韩红,韩红,,,,,,,,,,,,,,,,,,,,,,,,,,,,,,,,,0,0.000000,,,,,,0,,,,,,2020/02/22 14:30:34.952566146,,,,,,,,,,0,0,,
天使的翅膀,安琥,安琥,,,,,,,2010,,,,,,,,,,,,,,,,,,,,,,,,,,0,0.000000,,,,,,0,,,,,,2020/01/12 20:07:37.457445144,,,,,,,,,爱情,0,0,,
天堂,腾格尔,腾格尔,,,,,,,,,,,,,,,,,,,,,,,,,,,,,,,,,0,0.000000,,,,,,0,,,,,,2020/02/22 15:16:20.315155982,,,,,,,,,,0,0,,
天下第一鼓,阎学敏,阎学敏,,,,,,中国大陆,2011,,"[{""title"":""A1. 鼓詩"",""duration"":605},{""title"":""A2. 夜深沉"",""duration"":673},{""title"":""B1. 龙腾虎跃"",""duration"":444},{""title"":""B2. 渔舟凯歌"",""duration"":524},{""title"":""B3. 鴨子伴咀"",""duration"":323}]",,Brass & Military,Pipe & Drum,,,,,,,,,,,,专辑,,,,,,,,,0,0.000000,,,,,,0,,,,,,2020/02/21 03:58:16.642076015,,,,,,,,12205016,纯音乐/器乐,0,,https://img.discogs.com/SlwZKB38hkRbhWVlDbaPFAA_iA4=/fit-in/500x500/filters:strip_icc():format(jpeg):mode_rgb():quality(90)/discogs-images/R-12205016-1530449138-1579.jpeg.jpg,
天之大,毛阿敏,毛阿敏,,,,,,,,,,,,,,,,,,,,,,,,,,,,,,,,,0,0.000000,,,,,,0,,,,,,2020/02/25 05:13:50.117652893,,,,,,,,,,0,0,,
听妈妈的话,周杰伦,周杰伦,,,,,,,,,,,,,,,,,,,,,,,,,,,,,,,,,0,0.000000,,,,,,0,,,,,,2020/02/25 04:43:23.666785001,,,,,,,,,,0,0,,
童话,光良,光良,,,,,,,2005,,,,,,,,,,,,,,,,,,,,,,,,,,0,0.000000,,,,,,0,,,,,,2020/01/12 20:37:30.619230031,,,,,,,,,爱情,0,0,,
童年,罗大佑,罗大佑,,,,,,,1982,,,,,,,,,,,,,,,,,,,,,,,,,,0,0.000000,,,,,,0,,,,,,2020/01/12 20:39:09.582952976,,,,,,,,,人生,0,,,
往后余生,马良,马良,,,,,,,,,,,,,,,,,,,,,,,,,,,,,,,,,0,0.000000,,,,,,0,,,,,,2020/02/22 14:36:23.272230148,,,,,,,,,,0,0,,
为爱痴狂,刘若英,刘若英,,,,,,,,,,,,,,,,,,,,,,,,,,,,,,,,,0,0.000000,,,,,,0,,,,,,2020/02/22 15:10:58.531332015,,,,,,,,,,0,,,
温柔,五月天,五月天,,,,,,,,,,,,,,,,,,,,,,,,,,,,,,,,,0,0.000000,,,,,,0,,,,,,2020/02/22 13:46:03.082249164,,,,,,,,,,0,0,,
吻别,张学友,张学友,,,,,,,,,,,,,,,,,,,,,,,,,,,,,,,,,0,0.000000,,,,,,0,,,,,,2020/02/21 12:10:26.935446023,,,,,,,,,,0,,,
我曾,隔壁老樊,隔壁老樊,,,,,,,,,,,,,,,,,,,,,,,,,,,,,,,,,0,0.000000,,,,,,0,,,,,,2020/01/12 20:56:28.980764865,,,,,,,,,人生,0,,,
我从来没去过纽约,筷子兄弟,筷子兄弟,,,,,,,,,,,,,,,,,,,,,,,,,,,,,,,,,0,0.000000,,,,,,0,,,,,,2020/01/12 21:02:07.063297033,,,,,,,,,人生,0,,,
我的好兄弟,"高进,小沈阳","高进,小沈阳",,,,,,,,,,,,,,,,,,,,,,,,,,,,,,,,,0,0.000000,,,,,,0,,,,,,2020/01/12 20:38:20.659083843,,,,,,,,,友情,0,,,
我的梦,张靓颖,张靓颖,,,,,,,2015,,,,,,,,,,,,,,,,,,,,,,,,,,0,0.000000,,,,,,0,,,,,,2020/02/21 19:28:06.141973972,,,,,,,,,,0,0,,
我的秘密,G.E.M.邓紫棋,G.E.M.邓紫棋,,,,,,,,,,,,,,,,,,,,,,,,,,,,,,,,,0,0.000000,,,,,,0,,,,,,2020/02/22 14:03:10.227306842,,,,,,,,,,0,,,
我的祖国,宋祖英,宋祖英,,,,,,,1956,,,,,,,,,,,,,,,,,,,,,,,,,,0,0.000000,,,,,,0,,,,,,2020/01/12 20:57:30.229958057,,,,,,,,,,0,0,,
我还年轻 我还年轻（Teens Edge）,老王乐队,老王乐队,,,,,,,,,,,,,,,,,,,,,,,,,,,,,,,,,0,0.000000,,,,,,0,,,,,,2020/02/22 14:24:56.654989957,,,,,,,,,,0,0,,
我和我的祖国,李谷一,李谷一,,,,,,,1985,,,,,,,,,,,,,,,,,,,,,,,,,,0,0.000000,,,,,,0,,,,,,2020/01/12 20:05:54.216938018,,,,,,,,,,0,,http://oss.tan8.com/violin/89/44724/44724_prev.jpg,
我结婚了,钟嘉欣,钟嘉欣,,,,,,,,,,,,,,,,,,,,,,,,,,,,,,,,,0,0.000000,,,,,,0,,,,,,2022/02/06 11:18:39.133488059,,,,,,,,,爱情,0,0,,
我们不一样,大壮,大壮,,,,,,,,,,,,,,,,,,,,,,,,,,,,,,,,,0,0.000000,,,,,,0,,,,,,2020/01/12 20:24:36.373609066,,,,,,,,,,0,,,
我是重庆崽儿,润土,润土,,,,,,,2006,,,,,,,,,,,,,,,,,,,,,,,,,,0,0.000000,,,,,,0,,,,,,2020/01/12 20:58:28.118728160,,,,,,,,,,0,,,
我是一只小小鸟,赵传,赵传,,,,,,,1990,,,,,,,,,,,,,,,,,,,,,,,,,,0,0.000000,,,,,,0,,,,,,2020/02/21 11:38:44.898089885,,,,,,,,,,0,,,
我相信,杨培安,杨培安,,,,,,,2006,,,,,,,,,,,,,,,,,,,,,,,,,,0,0.000000,,,,,,0,,,,,,2020/01/12 20:50:44.171386003,,,,,,,,,人生,0,,,
无名之辈,汪苏泷,汪苏泷,,,,,,,,,,,,,,,,,,,,,,,,,,,,,,,,,0,0.000000,,,,,,0,,,,,,2020/01/12 20:59:06.693871021,,,,,,,,,人生,0,0,,
悟空,戴荃,戴荃,,,,,,,2015,,,,,,,,,,,,,,,,,,,,,,,,,,0,0.000000,,,,,,0,,,,,,2020/01/12 20:15:48.016272068,,,,,,,,,人生,0,,,
西安人的歌,程渤智,程渤智,,,,,,,,,,,,,,,,,,,,,,,,,,,,,,,,,0,0.000000,,,,,,0,,,,,,2020/01/12 20:25:42.873816967,,,,,,,,,,0,,,
瞎子,尧十三,尧十三,,,,,,,,,,,,,,,,,,,,,,,,,,,,,,,,,0,0.000000,,,,,,0,,,,,,2020/02/23 21:29:30.904239177,,,,,,,,,,0,0,,
下山,要不要买菜,要不要买菜,,,,,,,2019,,,,,,,,,,,,,,,,,,,,,,,,,,0,0.000000,,,,,,0,,,,,,2020/01/13 00:52:07.570741176,,,,,,,,,,0,0,,
相见恨晚,彭佳慧,彭佳慧,,,,,,,,,,,,,,,,,,,,,,,,,,,,,,,,,0,0.000000,,,,,,0,,,,,,2020/02/22 14:51:58.173986911,,,,,,,,,,0,,,
相思,毛阿敏,毛阿敏,,,,,,,,,,,,,,,,,,,,,,,,,,,,,,,,,0,0.000000,,,,,,0,,,,,,2020/02/25 05:13:10.627538204,,,,,,,,,,0,,,
相信自己,零点乐队,零点乐队,,,,,,,2002,,,,,,,,,,,,,,,,,,,,,,,,,,0,0.000000,,,,,,0,,,,,,2020/01/12 20:50:09.799926996,,,,,,,,,人生,0,,,
向天再借五百年,韩磊,韩磊,,,,,,,2004,,,,,,,,,,,,,,,,,,,,,,,,,,0,0.000000,,,,,,0,,,,,,2020/01/12 21:01:50.806746959,,,,,,,,,人生,0,,,
像我这样的人,毛不易,毛不易,,,,,,,,,,,,,,,,,,,,,,,,,,,,,,,,,0,0.000000,,,,,,0,,,,,,2020/02/22 16:21:06.233041048,,,,,,,,,,0,,,
小芳,李春波,李春波,,,,,,,,,,,,,,,,,,,,,,,,,,,,,,,,,0,0.000000,,,,,,0,,,,,,2020/02/22 15:21:45.384234905,,,,,,,,,,0,0,,
小河淌水,龚琳娜,龚琳娜,,,,,,,,,,,,,,,,,,,,,,,,,,,,,,,,,0,0.000000,,,,,,0,,,,,,2020/02/25 05:09:03.416126966,,,,,,,,,,0,,,
心愿,"王泽,杨颖,乔媛,唐景莲","王泽,杨颖,乔媛,唐景莲",,,,,,,,,,,,,,,,,,,,,,,,,,,,,,,,,0,0.000000,,,,,,0,,,,,,2022/02/12 12:19:53.331138968,,,,,,,,,,0,0,,
心中无别人,五月天,五月天,,,,,,,,,,,,,,,,,,,,,,,,,,,,,,,,,0,0.000000,,,,,,0,,,,,,2022/02/06 11:51:31.899819016,,,,,,,,,,0,0,,
新鸳鸯蝴蝶梦,黄安,黄安,,,,,,,,,,,,,,,,,,,,,,,,,,,,,,,,,0,0.000000,,,,,,0,,,,,,2020/03/19 08:25:00.763599872,,,,,,,,,,0,,,
星星点灯,郑智化,郑智化,,,,,,,,,,,,,,,,,,,,,,,,,,,,,,,,,0,0.000000,,,,,,0,,,,,,2020/02/22 14:57:52.221880912,,,,,,,,,,0,0,,
修炼爱情,林俊杰,林俊杰,,,,,,,,,,,,,,,,,,,,,,,,,,,,,,,,,0,0.000000,,,,,,0,,,,,,2020/02/25 04:54:40.296479940,,,,,,,,,,0,0,,
烟花易冷,周杰伦,周杰伦,,,,,,,,,,,,,,,,,,,,,,,,,,,,,,,,,0,0.000000,,,,,,0,,,,,,2020/02/25 04:44:50.866313934,,,,,,,,,,0,0,,
痒,黄龄,黄龄,,,,,,,,,,,,,,,,,,,,,,,,,,,,,,,,,0,0.000000,,,,,,0,,,,,,2020/03/19 01:17:31.623207092,,,,,,,,,,0,0,,
遥若如今,河北工程大学,河北工程大学,河北工程大学毕业歌,,,微电影主题曲,,,2015,,,,,,,,,,,,,,,,,,,,,,,,,,0,0.000000,,,,,,0,,,,,,2020/02/21 07:45:42.531239032,,,,,,,,,,0,0,,
野孩子,杨千嬅,杨千嬅,,,,,,,,,,,,,,,,,,,,,,,,,,,,,,,,,0,0.000000,,,,,,0,,,,,,2020/02/22 14:01:30.246585845,,,,,,,,,,0,,,
叶惠美,周杰伦,,,,,,,,2004,,"[{""title"":""1. 以父之名"",""duration"":343},{""title"":""2. 儒夫"",""duration"":219},{""title"":""3. 晴天"",""duration"":270},{""title"":""4. 三年二班"",""duration"":281},{""title"":""5. 东风破"",""duration"":315},{""title"":""6. 你听得到"",""duration"":231},{""title"":""7. 同一种调调"",""duration"":232},{""title"":""8. 她的睫毛"",""duration"":233},{""title"":""9. 爱情悬崖"",""duration"":263},{""title"":""10. 梯田"",""duration"":213},{""title"":""11. 双刀"",""duration"":291},{""title"":""12. 星晴"",""duration"":259},{""title"":""13. 简单爱"",""duration"":271},{""title"":""14. 爱在西元前"",""duration"":235},{""title"":""15. 爷爷泡的茶"",""duration"":235},{""title"":""16. 半兽人"",""duration"":271},{""title"":""17. 龙拳"",""duration"":259}]",,Pop,,,,,,,,,,,,,,,,,,,,,,0,0.000000,,,,,,0,,,,,,2021/11/10 05:17:15.342361927,,,,,,,,14861360,,0,0,https://img.discogs.com/EBEanblj3bQ5THJ3Ge2D_ZAC3M4=/fit-in/600x598/filters:strip_icc():format(jpeg):mode_rgb():quality(90)/discogs-images/R-14861360-1583003886-2199.jpeg.jpg,
夜空中最亮的星,逃跑计划,逃跑计划,,,,,,,2011,,,,,,,,,,,,,,,,,,,,,,,,,,0,0.000000,,,,,,0,,,,,,2020/01/12 20:34:22.396284103,,,,,,,,,人生,0,,,
夜之光,花姐,花姐,,,,,,,,,,,,,,,,,,,,,,,,,,,,,,,,,0,0.000000,,,,,,0,,,,,,2020/01/12 20:20:25.076370000,,,,,,,,,,0,0,,
一百万个可能,Christine Welch,"Welch, Christine",,,,,,,2014,,,,,,,,,,,,,,,,,,,,,,,,,,0,0.000000,,,,,,0,,,,,,2020/01/12 20:26:28.065825939,,,,,,,,,人生,0,0,,
一千个伤心的理由,张学友,张学友,,,,,,,,,,,,,,,,,,,,,,,,,,,,,,,,,0,0.000000,,,,,,0,,,,,,2020/02/22 15:04:51.413162946,,,,,,,,,,0,,,
一生有你,水木年华,水木年华,,,,,,,,,,,,,,,,,,,,,,,,,,,,,,,,,0,0.000000,,,,,,0,,,,,,2020/02/22 15:10:12.079838037,,,,,,,,,,0,,,
一条大河,郭兰英,郭兰英,,,,,,,1956,,,,,,,,,,,,,,,,,,,,,,,,,,0,0.000000,,,,,,0,,,,,,2020/01/12 23:29:46.560400962,,,,,,,,,,0,,,
以父之名,周杰伦,周杰伦,,,,,,,,,,,,,,,,,,,,,,,,,,,,,,,,,0,0.000000,,,,,,0,,,,,,2020/02/25 04:41:56.850823879,,,,,,,,,,0,0,,
义勇军进行曲,-,-,,,,,,,,,,,,,,,,,,,,,,,,,,,,,,,,,0,0.000000,,,,,,0,,,,,,2020/02/22 15:43:58.367887973,,,,,,,,,,0,0,,
勇敢勇敢,黄勇,黄勇,,,,,,,2013,,,,,,,,,,,,,,,,,,,,,,,,,,0,0.000000,,,,,,0,,,,,,2020/01/12 20:16:04.214272975,,,,,,,,,人生,0,,,
勇气,梁静茹,梁静茹,,,,,,China,2009,,"[{""title"":""1. 勇气"",""duration"":0},{""title"":""2. 如果有一天"",""duration"":0},{""title"":""3. 半个月亮"",""duration"":0},{""title"":""4. 没有水的游泳池"",""duration"":0},{""title"":""5. 最烂的理由"",""duration"":0},{""title"":""6. 爱你不是两三天"",""duration"":0},{""title"":""7. 爱计较"",""duration"":0},{""title"":""8. 昨天"",""duration"":0},{""title"":""9. 多数是晴天"",""duration"":0},{""title"":""10. 最后"",""duration"":0}]",,Pop,,,,,,,,,,,,,专辑,,,,,,,,,0,0.000000,,,,,,0,,,,,,2020/01/12 04:35:24.005034923,,,,,,,,13569421,爱情,0,,http://musicugc.cdn.qianqian.com/ugcdiy/pic/ebedc854b5a8be9accb9b9bd54936231.jpg,
用尽我的一切奔向你,周笔畅,周笔畅,,,,,,,2017,,,,,,,,,,,,,,,,,,,,,,,,,,0,0.000000,,,,,,0,,,,,,2020/01/12 20:59:40.263767004,,,,,,,,,爱情,0,0,,
用心良苦,张宇,张宇,,,,,,,,,,,,,,,,,,,,,,,,,,,,,,,,,0,0.000000,,,,,,0,,,,,,2020/02/22 15:09:37.524682998,,,,,,,,,,0,,,
有没有人告诉你,钟明秋,钟明秋,,,,,,,2007,,,,,,,,,,,,,,,,,,,,,,,,,,0,0.000000,,,,,,0,,,,,,2020/01/12 20:34:45.255367994,,,,,,,,,爱情,0,,,
有种,火箭少女101,火箭少女101,,,,,,,,,,,,,,,,,,,,,,,,,,,,,,,,,0,0.000000,,,,,,0,,,,,,2020/02/22 14:20:37.537258148,,,,,,,,,,0,0,,
怨苍天变了心,谭晶,谭晶,,,,,,,,,,,,,,,,,,,,,,,,,,,,,,,,,0,0.000000,,,,,,0,,,,,,2020/02/25 04:49:16.779993057,,,,,,,,,,0,,,
在人间,王建房,王建房,,,,,,,,,,,,,,,,,,,,,,,,,,,,,,,,,0,0.000000,,,,,,0,,,,,,2020/01/12 20:56:44.679543972,,,,,,,,,爱情,0,0,,
在雨中,汪峰,汪峰,,,,,,,2002,,,,,,,,,,,,,,,,,,,,,,,,,,0,0.000000,,,,,,0,,,,,,2020/02/21 08:21:50.679483890,,,,,,,,,,0,0,,
早知道在家待这么久,张尕怂,张尕怂,,,,,,,2020,,,,,,,,,,,,,,,,,,,,,,,,,,0,2.500000,,,,,,0,,,,,,2020/02/21 09:22:44.640501976,,,,,,,,,,0,,,
长路漫漫伴你闯,林子祥,林子祥,,,,,,,,,,,,,,,,,,,,,,,,,,,,,,,,,0,0.000000,,,,,,0,,,,,,2020/02/25 04:58:19.214779853,,,,,,,,,,0,0,,
真爱,张学友,张学友,,,,,,,,,,,,,,,,,,,,,,,,,,,,,,,,,0,0.000000,,,,,,0,,,,,,2020/02/21 12:12:51.433604001,,,,,,,,,,0,,,
真的爱你,beyond,beyond,,,,,,,,,,,,,,,,,,,,,,,,,,,,,,,,,0,0.000000,,,,,,0,,,,,,2020/03/01 21:52:02.521103858,,,,,,,,,爱情,0,0,,
拯救,孙楠,孙楠,,,,,,,,,,,,,,,,,,,,,,,,,,,,,,,,,0,0.000000,,,,,,0,,,,,,2020/02/22 15:13:17.344963073,,,,,,,,,爱情,0,0,,
知足,五月天,五月天,,,,,,,,,,,,,,,,,,,,,,,,,,,,,,,,,0,0.000000,,,,,,0,,,,,,2020/02/22 13:45:46.959097862,,,,,,,,,,0,,,
只对你有感觉,飞轮海,飞轮海,,,,,,,,,,,,,,,,,,,,,,,,,,,,,,,,,0,0.000000,,,,,,0,,,,,,2020/02/22 14:31:43.454609870,,,,,,,,,爱情,0,0,,
只要平凡,"张杰,张碧晨","张杰,张碧晨",,,,,,,,,,,,,,,,,,,,,,,,,,,,,,,,,0,0.000000,,,,,,0,,,,,,2020/01/12 20:58:51.786986827,,,,,,,,,人生,0,,,
中国话,S.H.E,S.H.E,,,,,,,,,,,,,,,,,,,,,,,,,,,,,,,,,0,0.000000,,,,,,0,,,,,,2020/02/25 04:37:14.276749134,,,,,,,,,,0,0,,
钟无艳,谢安琪,谢安琪,,,,,,,,,,,,,,,,,,,,,,,,,,,,,,,,,0,0.000000,,,,,,0,,,,,,2020/02/22 13:48:53.591030120,,,,,,,男不听七友，女不听钟无艳。,,,0,,,
祝你一路顺风,吴奇隆,吴奇隆,,,,,,,1993,,,,,,,,,,,,,,,,,,,,,,,,,,0,0.000000,,,,,,0,,,,,,2020/01/12 20:35:19.402035951,,,,,,,,,,0,0,,
追光者,岑宁儿,岑宁儿,,,,,,,2015,,,,,,,,,,,,,,,,,,,,,,,,,,0,0.000000,,,,,,0,,,,,,2020/02/21 19:31:32.562614917,,,,,,,,,,0,0,,
追梦赤子心,GALA,GALA,,,,,,,2011,,,,,,,,,,,,,,,,,,,,,,,,,,0,0.000000,,,,,,0,,,,,,2020/01/12 20:16:22.222563028,,,,,,,,,人生,0,,,
追梦人,凤飞飞,凤飞飞,,,,,,,1991,,,,,,,,,,,,,,,,,,,,,,,,,,0,0.000000,,,,,,0,,,,,,2020/01/12 20:40:09.015450954,,,,,,,,,人生,0,,,
走马,摩登兄弟,摩登兄弟,,,,,,,,,,,,,,,,,,,,,,,,,,,,,,,,,0,0.000000,,,,,,0,,,,,,2020/01/12 20:25:07.050991058,,,,,,,,,,0,,,
走马,陈粒,陈粒,,,,,,,,,,,,,,,,,,,,,,,,,,,,,,,,,0,0.000000,,,,,,0,,,,,,2020/01/12 20:24:54.021225214,,,,,,,,,,0,0,,
A Sky Full of Stars,Coldplay,Coldplay,,,,,,,,,,,,,,,,,,,,,,,,,,,,,,,,,0,0.000000,,,,,,0,,,,,,2020/02/22 14:13:29.302016973,,,,,,,,,,0,,,
Angel of the Morning,Juice Newton,"Newton, Juice",,,,,,,,,,,,,,,,,,,,,,,,,,,,,,,,,0,0.000000,,,,,,0,,,,,,2020/01/12 21:02:45.562639951,,,,,,,,,,0,0,,
Animals,Maroon 5,"5, Maroon",,,,,,,,,,,,,,,,,,,,,,,,,,,,,,,,,0,0.000000,,,,,,0,,,,,,2020/02/25 04:39:23.828387022,,,,,,,,,,0,,,
Asphyxia,逆时针向,逆时针向,,,,,,,,,,,,,,,,,,,,,,,,,,,,,,,,,0,0.000000,,,,,,0,,,,,,2020/02/21 12:29:47.454004764,,,,,,,,,纯音乐/器乐,0,0,,
Auld Lang Syne,Charlie Landsborough,"Landsborough, Charlie",,,,,,,,,,,,,,,,,,,,,,,,,,,,,,,,,0,0.000000,,,,,,0,,,,,,2020/02/22 14:18:47.653005123,,,,,,,“我们浪费掉了太多的青春，那是一段如此自以为是、又如此狼狈不堪的青春岁月，有欢笑，也有泪水；有朝气，也有颓废；有甜蜜，也有荒唐；有自信，也有迷茫。我们敏感，我们偏执，我们顽固到底地故作坚强；我们轻易的伤害别人，也轻易的被别人所伤，我们追逐于颓废的快乐，陶醉于寂寞的美丽…”——叶京,,,0,0,,
Bad Romance,Lady Gaga,"Gaga, Lady",,,,,,,,,,,,,,,,,,,,,,,,,,,,,,,,,0,0.000000,,,,,,0,,,,,,2020/02/22 14:09:55.034765005,,,,,,,,,,0,0,,
Beat It,迈克尔•杰克逊,迈克尔•杰克逊,,,,,,,1983,,,,,,,,,,,,,,,,,,,,,,,,,,0,0.000000,,,,,,0,,,,,,2020/02/21 11:58:41.650928974,,,,,,,,,,0,0,,
Beautiful In White,Shane Filan,"Filan, Shane",,,,,,,2010,,,,,,,,,,,,,,,,,,,,,,,,,,0,0.000000,,,,,,0,,,,,,2020/01/12 20:30:57.700116157,,,,,,,,,爱情,0,0,,
Bohemian Rhapsody,Queen,,,,"[{""title"":""Queen - I'm In Love With My Car (Official Video)"",""youtubeID"":""oaEM4JYFPfw""},{""title"":""Queen – Bohemian Rhapsody (Official Video Remastered)"",""youtubeID"":""fJ9rUzIMcZQ""}]",,,,1975,,"[{""title"":""A. Bohemian Rhapsody"",""duration"":0},{""title"":""B. I'm In Love With My Car"",""duration"":0}]",,Rock,,,,,,,,,,,,,单曲,,,,,,,,,0,0.000000,,,,,,0,,,,,,2021/11/20 11:45:41.687861919,,,,,,,,5246929,,0,0,https://img.discogs.com/HpEov70vs38nPLP3Nq2buKQ_FUo=/fit-in/600x600/filters:strip_icc():format(jpeg):mode_rgb():quality(90)/discogs-images/R-5246929-1519731821-8930.jpeg.jpg,
Born This Way,Lady Gaga,"Gaga, Lady",,,,,,,,,,,,,,,,,,,,,,,,,,,,,,,,,0,0.000000,,,,,,0,,,,,,2020/02/25 04:54:01.824202060,,,,,,,,,,0,,,
Breath and Life,Audiomachine,Audiomachine,,,,,,,,,,,,,,,,,,,,,,,,,,,,,,,,,0,0.000000,,,,,,0,,,,,,2020/02/21 12:37:58.262433052,,,,,,,,,纯音乐/器乐,0,0,,
Brothers In Arms,Dire Straits,"Straits, Dire",,,"[{""title"":""Dire Straits - Brothers In Arms - (album completo)"",""youtubeID"":""eX0IjD5DPQI""},{""title"":""Dire Straits - Brothers in Arms ( war version )"",""youtubeID"":""qGpwKQo5_Z0""},{""title"":""Dire Straits - Brothers in arms official video clip 1985, mark knopfler"",""youtubeID"":""2PX_1rvmu5A""},{""title"":""Dire Straits - Money For Nothing Original video"",""youtubeID"":""7Q2SUXn6rSU""},{""title"":""Dire Straits - Money For Nothing music video (Good quality, all countries)"",""youtubeID"":""lAD6Obi7Cag""},{""title"":""Dire Straits - Walk of Life (with Eric Clapton) (Live @ Wembley Arena, 1988) HD"",""youtubeID"":""67PqPZbFSsQ""}]",,,Europe,1985,,"[{""title"":""1. So Far Away"",""duration"":311},{""title"":""2. Money For Nothing"",""duration"":506},{""title"":""3. Walk Of Life"",""duration"":252},{""title"":""4. Your Latest Trick"",""duration"":393},{""title"":""5. Why Worry"",""duration"":511},{""title"":""6. Ride Across The River"",""duration"":418},{""title"":""7. The Man's Too Strong"",""duration"":280},{""title"":""8. One World"",""duration"":220},{""title"":""9. Brothers In Arms"",""duration"":420}]",,Rock,Classic Rock,,,,"Drums - Omar Hakim,Vocals - Guy Fletcher,Vocals - Mark Knopfler,Keyboards - Guy Fletcher,Vocals - John Illsley,Bass - John Illsley,Drums - Terry Williams (3),Guitar - Mark Knopfler,Keyboards - Alan Clark",,,,,,CD,,专辑,,,,,,,,,0,5.000000,,,,,,0,,,,,,,,,,,,,,768493,,0,,https://img.discogs.com/CVIiEpaWFHBIKHJv6qilrQuDNuw=/fit-in/600x603/filters:strip_icc():format(jpeg):mode_rgb():quality(90)/discogs-images/R-768493-1441767625-6918.jpeg.jpg,
Burn,Ellie Goulding,"Goulding, Ellie",,,,,,,,,,,,,,,,,,,,,,,,,,,,,,,,,0,0.000000,,,,,,0,,,,,,2020/01/12 20:48:44.558503150,,,,,,,,,,0,,,
Champion,The Chevin,"Chevin, The",,,,,,,2012,,,,,,,,,,,,,,,,,,,,,,,,,,0,0.000000,,,,,,0,,,,,,2020/01/12 20:55:05.756919860,,,,,,,,,运动,0,,,
Chasing The Wind,Josiah James,"James, Josiah",,,,,,,,,,,,,,,,,,,,,,,,,,,,,,,,,0,0.000000,,,,,,0,,,,,,2020/02/22 14:23:57.940137863,,,,,,,,,,0,,,
Cheap Thrills,Sia,Sia,,,,,,,,,,,,,,,,,,,,,,,,,,,,,,,,,0,0.000000,,,,,,0,,,,,,2020/01/12 20:40:58.816962003,,,,,,,,,爱情,0,0,,
Counting Sheep,SAFIA,SAFIA,,,,,,,,,,,,,,,,,,,,,,,,,,,,,,,,,0,0.000000,,,,,,0,,,,,,2020/02/22 13:54:14.560350894,,,,,,,,,,0,0,,
Counting Stars,One Republic,"Republic, One",,,,,,,,,,,,,,,,,,,,,,,,,,,,,,,,,0,0.000000,,,,,,0,,,,,,2020/03/01 22:34:43.405274868,,,,,,,,,,0,,,
Cry On My Shoulder,Deutschland sucht den Superstar,"Superstar, Deutschland sucht den",,,,,,,,,,,,,,,,,,,,,,,,,,,,,,,,,0,0.000000,,,,,,0,,,,,,2020/02/22 13:52:19.038547039,,,,,,,,,,0,,,
Dark Horse,"Katy Perry,Juicy J","J, Katy Perry,Juicy",,,,,,,2013,,,,,,,,,,,,,,,,,,,,,,,,,,0,0.000000,,,,,,0,,,,,,2020/01/12 20:53:13.313712120,,,,,,,,,,0,,,
Dark Paradise,Lana Del Ray,"Ray, Lana Del",,,,,,,,,,,,,,,,,,,,,,,,,,,,,,,,,0,0.000000,,,,,,0,,,,,,2020/02/22 14:40:29.286162853,,,,,,,,,,0,,,
Demons,Imagine Dragons,"Dragons, Imagine",,,,,,,2013,,,,,,,,,,,,,,,,,,,,,,,,,,0,0.000000,,,,,,0,,,,,,2020/01/12 20:41:19.692410945,,,,,,,,,,0,,,
DiDaDi,李玟,李玟,,,,,,,,,,,,,,,,,,,,,,,,,,,,,,,,,0,0.000000,,,,,,0,,,,,,2020/02/22 15:22:35.228219032,,,,,,,,,,0,0,,
Don't Cry,Guns N' Roses,"Roses, Guns N'",,,,,,,,,,,,,,,,,,,,,,,,,,,,,,,,,0,0.000000,,,,,,0,,,,,,2020/02/21 11:57:43.835837841,,,,,,,,,,0,,,
Dream It Possible,Delacey,Delacey,,,,,,,2015,,,,,,,,,,,,,,,,,,,,,,,,,,0,0.000000,,,,,,0,,,,,,2020/01/12 20:08:53.138589859,,,,,,,,,人生,0,0,,
EI Dorado Dubstep（Remix）,Two Steps From Hell,"Hell, Two Steps From",,,,,,,,,,,,,,,,,,,,,,,,,,,,,,,,,0,0.000000,,,,,,0,,,,,,2020/02/21 12:31:51.110350131,,,,,,,,,纯音乐/器乐,0,,,
Empire of Angels,Thomas Bergersen,"Bergersen, Thomas",,,,,,,,,,,,,,,,,,,,,,,,,,,,,,,,,0,0.000000,,,,,,0,,,,,,2020/02/21 12:26:02.983663082,,,,,,,,,纯音乐/器乐,0,0,,
Everglow,Coldplay,Coldplay,,,,,,,,,,,,,,,,,,,,,,,,,,,,,,,,,0,0.000000,,,,,,0,,,,,,2020/02/22 14:13:01.382732868,,,,,,,,,,0,,,
Fight Song,Rachel Platten,"Platten, Rachel",,,,,,,2015,,,,,,,,,,,,,,,,,,,,,,,,,,0,0.000000,,,,,,0,,,,,,2020/01/12 20:14:08.061255931,,,,,,,,,人生,0,0,,
First Love,宇多田光,宇多田光,,,,,,,,,,,,,,,,,,,,,,,,,,,,,,,,,0,0.000000,,,,,,0,,,,,,2020/01/13 00:52:32.454859018,,,,,,,,,爱情,0,0,,
Five Hundred Miles,Justin Timberlake,"Timberlake, Justin",,,,,,,2013,,,,,,,,,,,,,,,,,,,,,,,,,,0,0.000000,,,,,,0,,,,,,2020/01/12 20:41:49.554170131,,,,,,,,,,0,0,,
Freedom Is Ours,Epic Score,"Score, Epic",,,,,,,,,,,,,,,,,,,,,,,,,,,,,,,,,0,0.000000,,,,,,0,,,,,,2020/02/22 15:02:09.039911031,,,,,,,你见过什么样的中国，是九百六十万平方公里的辽阔，还是三百六十万平方公里的澎湃，是四季轮转的天地，还是冰与火演奏的乐章。像鸟儿一样，离开地面，冲上云霄，结果超乎你的想象。                                 ——航拍中国,,,0,,,
Gasoline,Halsey,Halsey,,,,,,,,,,,,,,,,,,,,,,,,,,,,,,,,,0,0.000000,,,,,,0,,,,,,2020/02/22 14:32:54.707700967,,,,,,,,,,0,,,
Ghost of Me,Daughtry,Daughtry,,,,,,,,,,,,,,,,,,,,,,,,,,,,,,,,,0,0.000000,,,,,,0,,,,,,2020/02/22 14:41:37.212515830,,,,,,,,,,0,,,
Go Time,Mark Petrie,"Petrie, Mark",,,,,,,,,,,,,,,,,,,,,,,,,,,,,,,,,0,0.000000,,,,,,0,,,,,,2020/02/21 12:39:06.873083114,,,,,,,,,纯音乐/器乐,0,0,,
Good Time,"Owl City,Carly Rae Jepson","Jepson, Owl City,Carly Rae",,,,,,,,,,,,,,,,,,,,,,,,,,,,,,,,,0,0.000000,,,,,,0,,,,,,2020/01/12 20:29:42.054585933,,,,,,,,,爱情,0,,,
Good Time,Owl City,"City, Owl",,,,,,,,,,,,,,,,,,,,,,,,,,,,,,,,,0,0.000000,,,,,,0,,,,,,2020/02/22 14:48:40.422017097,,,,,,,,,,0,,,
Hall of Fame,The Script,"Script, The",,,,,,,,,,,,,,,,,,,,,,,,,,,,,,,,,0,0.000000,,,,,,0,,,,,,2020/01/12 20:53:57.864616870,,,,,,,,,,0,0,,
Halo,Beyonce,Beyonce,,,,,,,,,,,,,,,,,,,,,,,,,,,,,,,,,0,0.000000,,,,,,0,,,,,,2020/02/25 04:53:17.740324020,,,,,,,,,,0,,,
Heal the World,迈克尔•杰克逊,迈克尔•杰克逊,,,,,,,1992,,,,,,,,,,,,,,,,,,,,,,,,,,0,0.000000,,,,,,0,,,,,,2020/02/21 11:44:31.525620937,,,,,,,,,,0,0,,
Hello,Adele,Adele,,,,,,,,,,,,,,,,,,,,,,,,,,,,,,,,,0,0.000000,,,,,,0,,,,,,2020/02/25 04:38:29.114604949,,,,,,,,,,0,,,
Here We Are Again,Various Artists,"Artists, Various",,,,,,,,,,,,,,,,,,,,,,,,,,,,,,,,,0,0.000000,,,,,,0,,,,,,2020/02/21 12:30:36.247353076,,,,,,,,,纯音乐/器乐,0,0,,
Here With You,Asher Monroe,"Monroe, Asher",,,,,,,,,,,,,,,,,,,,,,,,,,,,,,,,,0,0.000000,,,,,,0,,,,,,2020/01/12 20:47:07.770299911,,,,,,,,,爱情,0,0,,
Hero,Family of the Year,"Year, Family of the",,,,,,,,,,,,,,,,,,,,,,,,,,,,,,,,,0,0.000000,,,,,,0,,,,,,2020/01/12 20:42:55.655497074,,,,,,,,,,0,,,
Hey Jude,The Beatles,"Beatles, The",,,,,,,,,,,,,,,,,,,,,,,,,,,,,,,,,0,0.000000,,,,,,0,,,,,,2020/02/21 11:59:29.894943952,,,,,,,,,,0,,,
Hope,Silver Screen,"Screen, Silver",,,,,,,,,,,,,,,,,,,,,,,,,,,,,,,,,0,0.000000,,,,,,0,,,,,,2020/02/22 15:00:52.160079002,,,,,,,,,,0,,,
Horizon,Janji,Janji,,,,,,,,,,,,,,,,,,,,,,,,,,,,,,,,,0,0.000000,,,,,,0,,,,,,2020/02/22 14:14:51.967402935,,,,,,,,,纯音乐/器乐,0,0,,
Hotel California,Eagles,Eagles,,,,,,,,,,,,,,,,,,,,,,,,,,,,,,,,,0,0.000000,,,,,,0,,,,,,2020/02/21 11:59:03.126616001,,,,,,,,,,0,0,,
Hymn For The Weekend,Coldplay,Coldplay,,,,,,,,,,,,,,,,,,,,,,,,,,,,,,,,,0,0.000000,,,,,,0,,,,,,2020/02/22 14:12:43.425758838,,,,,,,,,,0,,,
I Bet My Life,Imagine Dragons,"Dragons, Imagine",,,,,,,2014,,,,,,,,,,,,,,,,,,,,,,,,,,0,0.000000,,,,,,0,,,,,,2020/01/12 20:20:54.927346944,,,,,,,,,,0,,,
I Just Wanna Run,The Downtown Fiction,"Fiction, The Downtown",,,,,,,,,,,,,,,,,,,,,,,,,,,,,,,,,0,0.000000,,,,,,0,,,,,,2020/02/22 13:56:06.580317974,,,,,,,,,,0,,,
I Need A Doctor,Eminem,Eminem,,,,,,,,,,,,,,,,,,,,,,,,,,,,,,,,,0,0.000000,,,,,,0,,,,,,2020/02/25 04:29:16.217504978,,,,,,,,,,0,,,
I Will Always Love You,Whitney Houston,"Houston, Whitney",,,,,,,1992,,,,,,,,,,,,,,,,,,,,,,,,,,0,0.000000,,,,,,0,,,,,,2020/02/21 11:45:56.925737857,,,,,,,,,爱情,0,0,,
I Will Always Love You,Dolly Parton,"Parton, Dolly",,,,,,,1976,,,,,,,,,,,,,,,,,,,,,,,,,,0,0.000000,,,,,,0,,,,,,2020/02/21 11:45:56.925737857,,,,,,,,,爱情,0,0,,
If Today Was Your Last Day,Nickelback,Nickelback,,,,,,,,,,,,,,,,,,,,,,,,,,,,,,,,,0,0.000000,,,,,,0,,,,,,2020/01/13 00:53:19.348763942,,,,,,,,,,0,0,,
If You Could See Me Now,The Script,"Script, The",,,,,,,2012,,,,,,,,,,,,,,,,,,,,,,,,,,0,0.000000,,,,,,0,,,,,,2020/01/12 20:56:00.369750022,,,,,,,,,亲情,0,,,
illusionary Daytime,Shirfine,Shirfine,,,,,,,,,,,,,,,,,,,,,,,,,,,,,,,,,0,0.000000,,,,,,0,,,,,,2020/02/21 12:37:01.056411027,,,,,,,,,纯音乐/器乐,0,,,
Immortals,Fall Out Boy,"Boy, Fall Out",,,,,,,,,,,,,,,,,,,,,,,,,,,,,,,,,0,0.000000,,,,,,0,,,,,,2020/02/22 15:07:48.631844997,,,,,,,,,,0,0,,
In The End,Linkin Park,"Park, Linkin",,,,,,,,,,,,,,,,,,,,,,,,,,,,,,,,,0,0.000000,,,,,,0,,,,,,2020/02/21 11:56:28.482442855,,,,,,,,,,0,0,,
It's My Life,Bon Jovi,"Jovi, Bon",,,,,,,2000,,,,,,,,,,,,,,,,,,,,,,,,,,0,0.000000,,,,,,0,,,,,,2020/01/12 20:54:24.607622146,,,,,,,,,,0,,,
It's Not Over,Daughtry,Daughtry,,,,,,,,,,,,,,,,,,,,,,,,,,,,,,,,,0,0.000000,,,,,,0,,,,,,2020/02/22 14:41:56.094725131,,,,,,,,,,0,0,,
Journey,Capo Productions,"Productions, Capo",,,,,,,,,,,,,,,,,,,,,,,,,,,,,,,,,0,0.000000,,,,,,0,,,,,,2020/02/21 12:21:19.505964040,,,,,,,,,纯音乐/器乐,0,0,,
Journey 旅程,肖恩 Shaun Gibson,"Gibson, 肖恩 Shaun",,,,,,,2019,,,,,,,,,,,,,,,,,,,,,,,,,,0,0.000000,,,,,,0,,,,,,2020/01/12 20:19:55.888360023,,,,,,,,,,0,,,
Last Dance,伍佰,伍佰,,,,,,,,,,,,,,,,,,,,,,,,,,,,,,,,,0,0.000000,,,,,,0,,,,,,2020/02/22 13:44:12.015383958,,,,,,,,,,0,0,,
Last of the Wilds,Nightwish,Nightwish,,,,,,,,,,,,,,,,,,,,,,,,,,,,,,,,,0,0.000000,,,,,,0,,,,,,2020/02/21 12:22:41.088698863,,,,,,,,,纯音乐/器乐,0,,,
Lemon Tree,Fools Garden,"Garden, Fools",,,,,,,,,,,,,,,,,,,,,,,,,,,,,,,,,0,0.000000,,,,,,0,,,,,,2020/02/21 12:06:00.597383022,,,,,,,,,,0,,,
Let My Love Open The Door,Luminate,Luminate,,,,,,,,,,,,,,,,,,,,,,,,,,,,,,,,,0,0.000000,,,,,,0,,,,,,2020/01/12 21:03:20.791072845,,,,,,,,,爱情,0,,,
Letter,iris,iris,,,,,,,,,,,,,,,,,,,,,,,,,,,,,,,,,0,0.000000,,,,,,0,,,,,,2020/02/21 12:24:52.507328987,,,,,,,,,纯音乐/器乐,0,,,
Like A Rolling Stone,Bob Dylan,"Dylan, Bob",,,,,,,,,,,,,,,,,,,,,,,,,,,,,,,,,0,0.000000,,,,,,0,,,,,,2020/01/12 20:48:04.709449052,,,,,,,,,,0,0,,
Lonely,Nana,Nana,,,,,,,,,,,,,,,,,,,,,,,,,,,,,,,,,0,0.000000,,,,,,0,,,,,,2020/02/22 14:39:08.762531995,,,,,,,,,,0,,,
Lose Yourself,Eminem,Eminem,,,,,,,,,,,,,,,,,,,,,,,,,,,,,,,,,0,0.000000,,,,,,0,,,,,,2020/02/25 04:32:32.277124881,,,,,,,,,,0,,,
Lost Stars,Adam Levine,"Levine, Adam",,,,,,,,,,,,,,,,,,,,,,,,,,,,,,,,,0,0.000000,,,,,,0,,,,,,2020/01/12 21:03:52.678661823,,,,,,,,,,0,0,,
Love In The Future,John Legend,"Legend, John",,,,,,Poland,2016,,"[{""title"":""A1. Love In The Future (Intro)"",""duration"":40},{""title"":""A2. The Beginning..."",""duration"":207},{""title"":""A3. Open Your Eyes"",""duration"":186},{""title"":""A4. Made To Love"",""duration"":239},{""title"":""A5. Who Do We Think We Are"",""duration"":294},{""title"":""B1. All Of Me"",""duration"":269},{""title"":""B2. Hold On Longer"",""duration"":158},{""title"":""B3. Save The Night"",""duration"":189},{""title"":""B4. Tomorrow"",""duration"":212},{""title"":""B5. What If I Told You? (Interlude)"",""duration"":50},{""title"":""B6. Dreams"",""duration"":158},{""title"":""B7. Wanna Be Loved"",""duration"":186},{""title"":""C1. Angel (Interlude)"",""duration"":84},{""title"":""C2. You & I (Nobody In The World)"",""duration"":252},{""title"":""C3. Asylum"",""duration"":197},{""title"":""C4. Caught Up"",""duration"":225},{""title"":""C5. Dancing In The Dark (Live)"",""duration"":296},{""title"":""D1. Bridge Over Troubled Water (Live)"",""duration"":310},{""title"":""D2. Ordinary People (Live)"",""duration"":335},{""title"":""D3. All Of Me (Live)"",""duration"":300},{""title"":""D4. All Of Me (Tiesto's Birthday Treatment Remix [Radio Edit])"",""duration"":251}]",,"Funk / Soul,Hip Hop","RnB/Swing,Soul",,,,,,,,,,,,专辑,,,,,,,,,0,0.000000,,,,,,0,,,,,,2020/01/12 20:32:38.257637023,,,,,,,,8654769,爱情,0,,https://img.discogs.com/zNSk-O_89mcUEW2mhVHkeJslVn8=/fit-in/600x599/filters:strip_icc():format(jpeg):mode_rgb():quality(90)/discogs-images/R-8654769-1467512721-4942.jpeg.jpg,
Love Me Like You Do,Ellie Goulding,"Goulding, Ellie",,,,,,,2015,,,,,,,,,,,,,,,,,,,,,,,,,,0,0.000000,,,,,,0,,,,,,2020/01/12 20:51:10.148622035,,,,,,,,,爱情,0,0,,
Love The Way You Lie,Eminem,Eminem,,,,,,,,,,,,,,,,,,,,,,,,,,,,,,,,,0,0.000000,,,,,,0,,,,,,2020/02/25 04:32:53.043756961,,,,,,,,,爱情,0,0,,
Maps,Maroon 5,"5, Maroon",,,,,,,,,,,,,,,,,,,,,,,,,,,,,,,,,0,0.000000,,,,,,0,,,,,,2020/02/25 04:39:32.390154838,,,,,,,,,,0,0,,
Marry You,Bruno Mars,"Mars, Bruno",,,,,,,,,,,,,,,,,,,,,,,,,,,,,,,,,0,0.000000,,,,,,0,,,,,,2020/01/12 20:30:26.912863016,,,,,,,,,爱情,0,0,,
ME!,Taylor Swift,"Swift, Taylor",,,,,,,,,,,,,,,,,,,,,,,,,,,,,,,,,0,0.000000,,,,,,0,,,,,,2020/01/13 00:53:49.409801006,,,,,,,,,,0,0,,
Move Your Body,Sia,Sia,,,,,,,,,,,,,,,,,,,,,,,,,,,,,,,,,0,0.000000,,,,,,0,,,,,,2020/03/01 22:35:40.276062011,,,,,,,,,,0,0,,
My Soul,July,July,,,,,,,,,,,,,,,,,,,,,,,,,,,,,,,,,0,0.000000,,,,,,0,,,,,,2020/02/21 12:40:19.466187000,,,,,,,,,纯音乐/器乐,0,,,
National Anthem,Lana Del Ray,"Ray, Lana Del",,,,,,,,,,,,,,,,,,,,,,,,,,,,,,,,,0,0.000000,,,,,,0,,,,,,2020/02/22 15:36:56.076686859,,,,,,,,,,0,0,,
Need You Now,Lady Antebellum,"Antebellum, Lady",,,,,,,2009,,,,,,,,,,,,,,,,,,,,,,,,,,0,0.000000,,,,,,0,,,,,,2020/01/12 20:27:05.868843078,,,,,,,,,爱情,0,,,
New Moon Daughter,Cassandra Wilson,"Wilson, Cassandra",,,"[{""title"":""A Little Warm Death"",""youtubeID"":""DIQ6NT3hmhA""},{""title"":""Cassandra Wilson - Death Letter (Son House)"",""youtubeID"":""4gPLLy4sIUY""},{""title"":""Cassandra Wilson - Love Is Blindness"",""youtubeID"":""V7gomtA7c0A""},{""title"":""Cassandra Wilson - New Moon Daughter (1995)"",""youtubeID"":""yl3U54Tao8w""},{""title"":""Find Him"",""youtubeID"":""Gq4MnlpbisQ""},{""title"":""Harvest Moon"",""youtubeID"":""YHbcwby7igA""},{""title"":""Harvest Moon \/ CASSANDRA WILSON"",""youtubeID"":""diL0Z738C3U""},{""title"":""I'm So Lonesome I Could Cry"",""youtubeID"":""14qQdh6DQZA""},{""title"":""Love Is Blindness"",""youtubeID"":""m4n86NTraQg""},{""title"":""Solomon Sang"",""youtubeID"":""bYgWLwzVEjg""},{""title"":""Strange Fruit"",""youtubeID"":""paawBHlDa4w""},{""title"":""Until"",""youtubeID"":""P9o1K2nyarY""}]",,,,1995,,"[{""title"":""1. Strange Fruit"",""duration"":333},{""title"":""2. Love Is Blindness"",""duration"":293},{""title"":""3. Solomon Sang"",""duration"":356},{""title"":""4. Death Letter"",""duration"":252},{""title"":""5. Skylark"",""duration"":248},{""title"":""6. Find Him"",""duration"":277},{""title"":""7. I'm So Lonesome I Could Cry"",""duration"":290},{""title"":""8. Last Train To Clarksville"",""duration"":315},{""title"":""9. Until"",""duration"":389},{""title"":""10. A Little Warm Death"",""duration"":343},{""title"":""11. Memphis"",""duration"":304},{""title"":""12. Harvest Moon"",""duration"":301},{""title"":""13. 32-20"",""duration"":323}]",,Jazz,,,,,,,,,,,,,专辑,,,,,,,,,0,0.000000,,,,,,0,,,,,,2022/02/11 15:49:41.714213848,,,,,,,,418359,,0,0,https://i.discogs.com/79d7bm3rkcDt9JOoCxEtmQW_BeClpTRqvIyM5_PxGCk/rs:fit/g:sm/q:90/h:600/w:600/czM6Ly9kaXNjb2dz/LWltYWdlcy9SLTQx/ODM1OS0xMzI4Mzg2/NzY4LmpwZWc.jpeg,
Next to You,Ken Arai,"Arai, Ken",,,,,,,,,,,,,,,,,,,,,,,,,,,,,,,,,0,0.000000,,,,,,0,,,,,,2020/02/21 12:19:01.535734176,,,,,,,,,纯音乐/器乐,0,0,,
Not Afraid,Eminem,Eminem,,,,,,,2010,,,,,,,,,,,,,,,,,,,,,,,,,,0,0.000000,,,,,,0,,,,,,2020/01/12 20:14:36.821969985,,,,,,,,,,0,,,
November Rain,Guns N' Roses,"Roses, Guns N'",,,,,,,1992,,,,,,,,,,,,,,,,,,,,,,,,,,0,0.000000,,,,,,0,,,,,,2020/02/21 11:50:48.990072011,,,,,,,,,,0,,,
Numb,Linkin Park,"Park, Linkin",,,,,,,,,,,,,,,,,,,,,,,,,,,,,,,,,0,0.000000,,,,,,0,,,,,,2020/02/22 14:26:17.562893867,,,,,,,,,,0,0,,
Old Money,Lana Del Ray,"Ray, Lana Del",,,,,,,,,,,,,,,,,,,,,,,,,,,,,,,,,0,0.000000,,,,,,0,,,,,,2020/02/22 14:39:58.257043838,,,,,,,,,,0,,,
On My Own,Ashes Remain,"Remain, Ashes",,,,,,,,,,,,,,,,,,,,,,,,,,,,,,,,,0,0.000000,,,,,,0,,,,,,2020/02/21 12:05:26.492995977,,,,,,,,,,0,,,
One,U2,U2,,,,,,,1992,,,,,,,,,,,,,,,,,,,,,,,,,,0,0.000000,,,,,,0,,,,,,2020/02/21 11:49:07.275321960,,,,,,,,,,0,,,
Opera 2,Vitas,Vitas,,,,,,,,,,,,,,,,,,,,,,,,,,,,,,,,,0,0.000000,,,,,,0,,,,,,2020/02/21 12:07:46.564756870,,,,,,,,,,0,0,,
Over You,Daughtry,Daughtry,,,,,,,2007,,,,,,,,,,,,,,,,,,,,,,,,,,0,0.000000,,,,,,0,,,,,,2020/01/12 20:47:31.029999971,,,,,,,,,爱情,0,0,,
Palace Memories,S.E.N.S.,S.E.N.S.,,,,,,,,,,,,,,,,,,,,,,,,,,,,,,,,,0,0.000000,,,,,,0,,,,,,2020/02/21 12:18:26.906759023,,,,,,,,,纯音乐/器乐,0,,,
Panama,Matteo,Matteo,,,,,,,2013,,,,,,,,,,,,,,,,,,,,,,,,,,0,0.000000,,,,,,0,,,,,,2020/01/12 20:46:07.805546045,,,,,,,,,,0,0,,
PLANET,ラムジ,ラムジ,,,,,,,2006,,,,,,,,,,,,,,,,,,,,,,,,,,0,0.000000,,,,,,0,,,,,,2020/01/13 00:54:19.538210868,,,,,,,,,,0,,https://i.ytimg.com/vi/G5rBqeiZgP4/maxresdefault.jpg,
Poker Face,Lady Gaga,"Gaga, Lady",,,,,,,,,,,,,,,,,,,,,,,,,,,,,,,,,0,0.000000,,,,,,0,,,,,,2020/02/22 14:09:37.270169019,,,,,,,,,,0,,,
Refrain,Anan Ryoko,"Ryoko, Anan",,,,,,,,,,,,,,,,,,,,,,,,,,,,,,,,,0,0.000000,,,,,,0,,,,,,2020/02/21 12:32:58.653825998,,,,,,,,,纯音乐/器乐,0,,,
River Flows In You,Martin Ermen,"Ermen, Martin",,,,,,,,,,,,,,,,,,,,,,,,,,,,,,,,,0,0.000000,,,,,,0,,,,,,2020/02/21 12:23:47.564577102,,,,,,,,,纯音乐/器乐,0,,,
Rolling In The Deep,Adele,Adele,,,,,,,,,,,,,,,,,,,,,,,,,,,,,,,,,0,0.000000,,,,,,0,,,,,,2020/02/25 04:39:00.218039989,,,,,,,,,,0,0,,
Rule The World,Take That,"That, Take",,,,,,,,,,,,,,,,,,,,,,,,,,,,,,,,,0,0.000000,,,,,,0,,,,,,2020/01/12 20:16:57.835084915,,,,,,,,,,0,,,
Sakura Tears,Nigel Silin,"Silin, Nigel",,,,,,,,,,,,,,,,,,,,,,,,,,,,,,,,,0,0.000000,,,,,,0,,,,,,2020/02/21 12:33:44.904083013,,,,,,,,,纯音乐/器乐,0,,,
"Shanghai,China City Soundscape(City Sounds at Night)",Nomadic Ambience,"Ambience, Nomadic",,,"[{""title"":""Shanghai,China City Soundscape"",""youtubeID"":""https:\/\/youtu.be\/GFdcoDFa0cg""}]",,,,2019,,,,ASMR,,,,,,,,,,,,,,,,,,,,,,0,0.000000,,,,,,0,,,,,,2020/02/21 04:34:24.688220977,,,,,,,,,,0,0,,
Shape of My Heart,Sting,Sting,,,,,,,,,,,,,,,,,,,,,,,,,,,,,,,,,0,0.000000,,,,,,0,,,,,,2020/01/13 02:09:27.043551921,,,,,,,,,,0,0,,
Smells Like Teen Spirit,Nirvanna,Nirvanna,,,,,,,,,,,,,,,,,,,,,,,,,,,,,,,,,0,0.000000,,,,,,0,,,,,,2020/02/21 11:57:25.245897054,,,,,,,,,,0,0,,
Someone Like You,Adele,Adele,,,,,,,,,,,,,,,,,,,,,,,,,,,,,,,,,0,0.000000,,,,,,0,,,,,,2020/02/25 04:38:48.046738147,,,,,,,,,爱情,0,0,,
Something Just Like This,Coldplay,Coldplay,,,,,,,,,,,,,,,,,,,,,,,,,,,,,,,,,0,0.000000,,,,,,0,,,,,,2020/02/22 14:12:17.857292175,,,,,,,,,,0,0,,
Sound of Silence,Paul Simon,"Simon, Paul",,,,,,,,,,,,,,,,,,,,,,,,,,,,,,,,,0,0.000000,,,,,,0,,,,,,2020/01/12 20:13:07.453385829,,,,,,,,,,0,,,
Star Sky,Two Steps From Hell,"Hell, Two Steps From",,,,,,,,,,,,,,,,,,,,,,,,,,,,,,,,,0,0.000000,,,,,,0,,,,,,2020/02/21 12:34:40.535220146,,,,,,,,,纯音乐/器乐,0,0,,
Sugar,Maroon 5,"5, Maroon",,,,,,,,,,,,,,,,,,,,,,,,,,,,,,,,,0,0.000000,,,,,,0,,,,,,2020/02/22 13:40:00.947732925,,,,,,,,,,0,,,
Summer,久石让,久石让,,,,,,,,,,,,,,,,,,,,,,,,,,,,,,,,,0,0.000000,,,,,,0,,,,,,2020/02/21 12:20:22.093117952,,,,,,,,,纯音乐/器乐,0,0,,
Summer Forever,Megan Nicole,"Nicole, Megan",,,,,,,,,,,,,,,,,,,,,,,,,,,,,,,,,0,0.000000,,,,,,0,,,,,,2020/01/13 00:55:01.955382823,,,,,,,,,,0,,,
Summertime Sadness,Lana Del Ray,"Ray, Lana Del",,,,,,,2012,,,,,,,,,,,,,,,,,,,,,,,,,nocode20150725233036096,0,0.000000,,,,,,0,,1,,,,2020/01/12 19:22:40.000000000,,,,,,,,,,0,0,https://upload.wikimedia.org/wikipedia/en/2/22/SummertimeSadnessOfficial.png,
Summertrain,Greyson Chance,"Chance, Greyson",,,,,,,,,,,,,,,,,,,,,,,,,,,,,,,,,0,0.000000,,,,,,0,,,,,,2020/01/12 19:51:13.531764984,,,,,,,,,,0,0,https://y.gtimg.cn/music/photo_new/T002R300x300M000003iFCqj1rZ76E.jpg?max_age=2592000,
Super Star,S.H.E,S.H.E,,,,,,,,,,,,,,,,,,,,,,,,,,,,,,,,,0,0.000000,,,,,,0,,,,,,2020/01/12 20:36:49.428678035,,,,,,,,,,0,,,
Take me Hand,DAISHI DANCE,"DANCE, DAISHI",,,,,,,,,,,,,,,,,,,,,,,,,,,,,,,,,0,0.000000,,,,,,0,,,,,,2020/02/21 12:41:21.283087015,,,,,,,,,纯音乐/器乐,0,,,
Take Me To Your Heart,无,无,,,,,,,,,,,,,,,,,,,,,,,,,,,,,,,,,0,0.000000,,,,,,0,,,,,,2020/02/21 12:11:36.502522945,,,,,,,,,爱情,0,0,,
Tassel,Cymophane,Cymophane,,,,,,,,,,,,,,,,,,,,,,,,,,,,,,,,,0,0.000000,,,,,,0,,,,,,2020/02/21 12:29:02.369292020,,,,,,,,,纯音乐/器乐,0,,,
Tears in Heaven,Eric Clapton,"Clapton, Eric",,,,,,,1992,,,,,,,,,,,,,,,,,,,,,,,,,,0,0.000000,,,,,,0,,,,,,2020/02/21 11:55:17.512785911,,,,,,,,,,0,0,,
That Girl,Olly Murs,"Murs, Olly",,,,,,,,,,,,,,,,,,,,,,,,,,,,,,,,,0,0.000000,,,,,,0,,,,,,2020/01/13 00:55:34.424631118,,,,,,,,,,0,,,
The Best Of ABBA,ABBA,ABBA,,,"[{""title"":""ABBA   Greatest Hits"",""youtubeID"":""2UO1M3H2kYk""},{""title"":""ABBA - So Long"",""youtubeID"":""lIueevl71cA""}]",,,Netherlands,1976,,"[{""title"":""1. Fernando"",""duration"":0},{""title"":""2. Waterloo"",""duration"":0},{""title"":""3. Ring Ring"",""duration"":0},{""title"":""4. Honey, Honey"",""duration"":0},{""title"":""5. Mamma Mia"",""duration"":0},{""title"":""6. People Need Love"",""duration"":0},{""title"":""7. Nina, Pretty Ballerina"",""duration"":0},{""title"":""8. I Do, I Do, I Do, I Do, I Do"",""duration"":0},{""title"":""9. SOS"",""duration"":0},{""title"":""10. Dance (While The Music Still Goes On)"",""duration"":0},{""title"":""11. Bang-A-Boomerang"",""duration"":0},{""title"":""12. Hasta Mañana"",""duration"":0},{""title"":""13. So Long"",""duration"":0}]",,Pop,Disco,,,,,,,,,,,,,,,,,,,,,0,0.000000,,,,,,0,,,,,,2017/08/06 18:14:38.145601034,,,,,,,,686828,,0,,https://img.discogs.com/OH7LeC0HDTApI1CU09Tn5CZPQp0=/fit-in/600x597/filters:strip_icc():format(jpeg):mode_rgb():quality(90)/discogs-images/R-686828-1318774068.jpeg.jpg,
The Doors,The Doors,"Doors, The",,,"[{""title"":""The Doors - Break On Through (To the Other Side)"",""youtubeID"":""CbiPDSxFgd8""},{""title"":""The Doors - Break on Through (To the Other Side)"",""youtubeID"":""cJQwnAhXnBk""},{""title"":""The Doors - Light My Fire (Live In Europe 1968)"",""youtubeID"":""6O6x_m4zvFs""}]",,,Europe,1999,,"[{""title"":""1. Break On Through (To The Other Side)"",""duration"":145},{""title"":""2. Soul Kitchen"",""duration"":210},{""title"":""3. The Crystal Ship"",""duration"":150},{""title"":""4. Twentieth Century Fox"",""duration"":150},{""title"":""5. Alabama Song (Whisky Bar)"",""duration"":195},{""title"":""6. Light My Fire"",""duration"":410},{""title"":""7. Back Door Man"",""duration"":210},{""title"":""8. I Looked At You"",""duration"":138},{""title"":""9. End Of The Night"",""duration"":169},{""title"":""10. Take It As It Comes"",""duration"":133},{""title"":""11. The End"",""duration"":695}]",,Rock,"Classic Rock,Psychedelic Rock",,,,"Keyboards - Ray Manzarek,Vocals - Jim Morrison,Drums - John Densmore,Guitar - Robby Krieger",,,,,,黑胶,,专辑,,,,,,,,,0,0.000000,,,,,,0,,,,,,,,,,,,,,380655,,0,,https://img.discogs.com/0h7jUZuF1OSMgR64HPwxsqz1ut0=/fit-in/500x491/filters:strip_icc():format(jpeg):mode_rgb():quality(90)/discogs-images/R-380655-1191584491.jpeg.jpg,
The Elements Song（元素周期表之歌）,cruelsoul,cruelsoul,,,,,,,,,,,,,,,,,,,,,,,,,,,,,,,,,0,0.000000,,,,,,0,,,,,,2020/01/12 23:05:32.700301170,,,,,,,哈佛大学数学教授 Tom Lehrer 创作的歌曲,,,0,0,,
The Monster,Eminem,Eminem,,,,,,,,,,,,,,,,,,,,,,,,,,,,,,,,,0,0.000000,,,,,,0,,,,,,2020/02/25 04:32:18.588582992,,,,,,,,,,0,0,,
The Phoenix,Fall Out Boy,"Boy, Fall Out",,,,,,,,,,,,,,,,,,,,,,,,,,,,,,,,,0,0.000000,,,,,,0,,,,,,2020/01/12 20:43:32.736510992,,,,,,,,,,0,0,,
The Right Path,Thomas Greenberg,"Greenberg, Thomas",,,,,,,,,,,,,,,,,,,,,,,,,,,,,,,,,0,0.000000,,,,,,0,,,,,,2020/02/21 12:28:00.370102882,,,,,,,,,纯音乐/器乐,0,0,,
This Is What You Came For,"Calvin Harris,Rihanna","Harris,Rihanna, Calvin",,,,,,,,,,,,,,,,,,,,,,,,,,,,,,,,,0,0.000000,,,,,,0,,,,,,2020/01/12 20:28:00.523471832,,,,,,,,,爱情,0,,,
Through The Fires And Flames,Dragonforce,Dragonforce,,,,,,,,,,,,,,,,,,,,,,,,,,,,,,,,,0,0.000000,,,,,,0,,,,,,2020/01/12 20:17:39.592975139,,,,,,,,,,0,,,
Titannium（feat.Sia）,David Guetta,"Guetta, David",,,,,,,2011,,,,,,,,,,,,,,,,,,,,,,,,,,0,0.000000,,,,,,0,,,,,,2020/01/12 20:52:00.401062011,,,,,,,,,,0,0,,
To Be With You,Mr Big,"Big, Mr",,,,,,,1992,,,,,,,,,,,,,,,,,,,,,,,,,,0,0.000000,,,,,,0,,,,,,2020/02/21 11:47:54.146851062,,,,,,,,,,0,0,,
Try,Colbie Caillat,"Caillat, Colbie",,,,,,,2014,,,,,,,,,,,,,,,,,,,,,,,,,,0,0.000000,,,,,,0,,,,,,2020/01/12 20:43:56.447197914,,,,,,,,,,0,,,
Try Everything,Shakira,Shakira,,,,,,,2016,,,,,,,,,,,,,,,,,,,,,,,,,,0,0.000000,,,,,,0,,,,,,2020/01/12 21:04:21.089903831,,,,,,,,,,0,,,
Up Your Alley,Joan Jett & The Blackhearts,"Blackhearts, Joan Jett & The",,,"[{""title"":""Joan Jett & The Blackhearts - I Hate Myself for Loving You (Official Video)"",""youtubeID"":""bpNw7jYkbVc""},{""title"":""Joan Jett & The Blackhearts - Little Liar"",""youtubeID"":""9DcREbM6Z0U""}]",,,US,1988,,"[{""title"":""A1. I Hate Myself For Loving You"",""duration"":246},{""title"":""A2. Ridin' With James Dean"",""duration"":197},{""title"":""A3. Little Liar"",""duration"":239},{""title"":""A4. Tulane"",""duration"":174},{""title"":""A5. I Wanna Be Your Dog"",""duration"":312},{""title"":""B1. I Still Dream About You"",""duration"":202},{""title"":""B2. You Want In I Want Out"",""duration"":254},{""title"":""B3. Just Like In The Movies"",""duration"":185},{""title"":""B4. Desire"",""duration"":231},{""title"":""B5. Back It Up"",""duration"":211},{""title"":""B6. Play That Song Again"",""duration"":222}]",,Rock,"Pop Rock,Rock & Roll",,,,"Drums - Thommy Price,Bass - Kasim Sulton,Guitar - Joan Jett,Guitar - Ricky Byrd",,,,,,,,专辑,,,,,,,,,0,0.000000,,,,,,0,,,,,,2020/02/22 14:06:08.112579822,,,,,,,,1172600,,0,0,https://img.discogs.com/cGPJXMxnqo8uqf4zDI9jZkp0ZcU=/fit-in/600x600/filters:strip_icc():format(jpeg):mode_rgb():quality(90)/discogs-images/R-1172600-1571413766-2054.jpeg.jpg,
Victory,Two Steps From Hell,"Hell, Two Steps From",,,,,,,,,,,,,,,,,,,,,,,,,,,,,,,,,0,0.000000,,,,,,0,,,,,,2020/02/21 12:42:50.426200866,,,,,,,,,纯音乐/器乐,0,,,
Viva La Vida,Coldplay,Coldplay,,,,,,,2008,,,,,,,,,,,,,,,,,,,,,,,,,,0,0.000000,,,,,,0,,,,,,2020/01/12 20:44:22.623916149,,,,,,,,,运动,0,0,,
"Walking in the bund,Shanghai,China at Night-Binaural City Sounds",Nomadic Ambience,"Ambience, Nomadic",,,,,,,2019,,,,ASMR,,,,,,,,,,,,,,,,,,,,,,0,0.000000,,,,,,0,,,,,,2020/02/21 04:35:43.951354026,,,,,,,,,,0,0,,
We Are The Champions,Queen,Queen,,,,,,,,,,,,,,,,,,,,,,,,,,,,,,,,,0,0.000000,,,,,,0,,,,,,2020/02/21 11:58:19.325222969,,,,,,,,,,0,0,,
We Will Rock You,Queen,Queen,,,,,,,,,,,,,,,,,,,,,,,,,,,,,,,,,0,0.000000,,,,,,0,,,,,,2020/02/22 14:08:15.937041044,,,,,,,,,,0,,,
What Are Words,Chris Medina,"Medina, Chris",,,,,,美国,2011,,,,,,,,,,,,,,,,,,,,,,,,,,0,0.000000,,,,,,0,,,,,,2020/01/12 20:57:10.063879013,,,,,,,,,爱情,0,0,,
What Makes You Beautiful,One Direction,"Direction, One",,,,,,,,,,,,,,,,,,,,,,,,,,,,,,,,,0,0.000000,,,,,,0,,,,,,2020/01/12 20:29:01.488654136,,,,,,,,,爱情,0,0,,
When We Were Young,Take That,"That, Take",,,,,,,,,,,,,,,,,,,,,,,,,,,,,,,,,0,0.000000,,,,,,0,,,,,,2020/02/22 14:19:30.160039901,,,,,,,,,,0,0,,
Whistle,Flo Rida,"Rida, Flo",,,,,,,,,,,,,,,,,,,,,,,,,,,,,,,,,0,0.000000,,,,,,0,,,,,,2020/02/25 04:35:06.427716016,,,,,,,,,,0,0,,
Wish You Were Here,Pink Floyd,"Floyd, Pink",,,"[{""title"":""Pink Floyd - Shine On You Crazy Diamond [ Official Music Video ] HD"",""youtubeID"":""cWGE9Gi0bB0""},{""title"":""Pink Floyd - Wish You Were Here - Pulse Live - HD"",""youtubeID"":""tiF-q2h7tSA""},{""title"":""Pink Floyd - Wish You Were Here \/ Comfortably Numb"",""youtubeID"":""x-RHRJohyY8""}]",,,US,,,"[{""title"":""1. Shine On You Crazy Diamond"",""duration"":812},{""title"":""2. Welcome To The Machine"",""duration"":453},{""title"":""3. Have A Cigar"",""duration"":324},{""title"":""4. Wish You Were Here"",""duration"":316},{""title"":""5. Shine On You Crazy Diamond"",""duration"":749}]",,Rock,Prog Rock,,,,,,,,,,磁带,,专辑,,,,,,,,,0,0.000000,,,,,,0,,,,,,,,,,,,,,722354,,0,,https://img.discogs.com/A5piyYEHHMS-SdidtEdHRThm1-I=/fit-in/600x524/filters:strip_icc():format(jpeg):mode_rgb():quality(90)/discogs-images/R-722354-1479929170-1107.jpeg.jpg,
With An Orchid,Yanni,Yanni,,,,,,,,,,,,,,,,,,,,,,,,,,,,,,,,,0,0.000000,,,,,,0,,,,,,2020/02/21 12:19:52.664576053,,,,,,,,,纯音乐/器乐,0,0,,
With The Beatles,The Beatles,"Beatles, The",,,"[{""title"":""The 8-Bit Beatles - With The Beatles"",""youtubeID"":""R4XzElp92JQ""},{""title"":""The Beatles - All My Loving - Washington Coliseum 1964"",""youtubeID"":""wq5Nt6xX8hU""},{""title"":""The Beatles - The Making Of With The Beatles"",""youtubeID"":""nezTgStZhII""},{""title"":""With The Beatles - The Beatles Full Album Cover Compilation"",""youtubeID"":""EiI42-kz2ug""}]",,,UK,1963,,"[{""title"":""1. It Won't Be Long"",""duration"":0},{""title"":""2. All I've Got To Do"",""duration"":0},{""title"":""3. All My Loving"",""duration"":0},{""title"":""4. Don't Bother Me"",""duration"":0},{""title"":""5. Little Child"",""duration"":0},{""title"":""6. Till There Was You"",""duration"":0},{""title"":""7. Please Mister Postman"",""duration"":0},{""title"":""8. Roll Over Beethoven"",""duration"":0},{""title"":""9. Hold Me Tight"",""duration"":0},{""title"":""10. You Really Got A Hold On Me"",""duration"":0},{""title"":""11. I Wanna Be Your Man"",""duration"":0},{""title"":""12. Devil In Her Heart"",""duration"":0},{""title"":""13. Not A Second Time"",""duration"":0},{""title"":""14. Money"",""duration"":0}]",,Rock,"Pop Rock,Rock & Roll",,,,"Bass - Paul McCartney,Rhythm Guitar - John Lennon,Vocals - Paul McCartney,Lead Guitar - George Harrison,Drums - Ringo Starr,Vocals - Ringo Starr,Vocals - George Harrison,Vocals - John Lennon",,,,,,,,专辑,,,,,,,,,0,0.000000,,,,,,0,,,,,,2017/08/06 18:14:48.618339061,,,,,,,,768729,,0,,https://img.discogs.com/A5d0DW0UJrSkkqraPIxUm5B8zNU=/fit-in/598x600/filters:strip_icc():format(jpeg):mode_rgb():quality(90)/discogs-images/R-768729-1300115438.jpeg.jpg,
Yellow,Coldplay,Coldplay,,,,,,,2000,,,,,,,,,,,,,,,,,,,,,,,,,,0,0.000000,,,,,,0,,,,,,2020/01/12 20:30:03.120327949,,,,,,,,,,0,,,
Yesterday,The Beatles,"Beatles, The",,,,,,,1965,,,,,,,,,,,,,,,,,,,,,,,,,,0,0.000000,,,,,,0,,,,,,2020/02/21 09:10:23.636927127,,,,,,,,,,0,,,
You,Approaching Nirvana,"Nirvana, Approaching",,,,,,,,,,,,,,,,,,,,,,,,,,,,,,,,,0,0.000000,,,,,,0,,,,,,2020/02/21 12:42:03.006525039,,,,,,,,,纯音乐/器乐,0,,,
You & I,CoCo Lee,"Lee, CoCo",,,,,,Taiwan,2019,,"[{""title"":""1. You & I"",""duration"":266}]",,Pop,Ballad,,,,,,,,,,,,单曲,,,,,,,,,0,0.000000,,,,,,0,,,,,,2020/02/21 07:36:36.493993997,,,,,,,,14043750,,0,,https://img.discogs.com/WFOTWamRneRVuIhpF1toxK0N0BM=/fit-in/540x540/filters:strip_icc():format(jpeg):mode_rgb():quality(90)/discogs-images/R-14043750-1566714318-6071.jpeg.jpg,
You Are Not Alone,迈克尔•杰克逊,迈克尔•杰克逊,,,,,,,,,,,,,,,,,,,,,,,,,,,,,,,,,0,0.000000,,,,,,0,,,,,,2020/02/21 12:06:57.878555059,,,,,,,,,,0,0,,
You Belong To Me,Bob Dylan,"Dylan, Bob",,,,,,,,,,,,,,,,,,,,,,,,,,,,,,,,,0,0.000000,,,,,,0,,,,,,2020/02/22 14:16:01.661402940,,,,,,,,,,0,0,,
You're Beautiful,James Blunt,"Blunt, James",,,,,,,2005,,,,,,,,,,,,,,,,,,,,,,,,,,0,0.000000,,,,,,0,,,,,,2020/01/12 20:28:29.092545986,,,,,,,,,爱情,0,,,
Young And Beautiful,Lana Del Ray,"Ray, Lana Del",,,,,,,,,,,,,,,,,,,,,,,,,,,,,,,,,0,0.000000,,,,,,0,,,,,,2020/01/12 20:49:08.394180059,,,,,,,,,爱情,0,,,
